"popx","popy","bankx","banky","pop1","pop2","temp","queue"
-0.955054,-0.313687,-0.496516,0.907619,0.009914,1.518159,0.709834,5
-0.122743,-0.06571,-0.705214,-0.216102,0.217358,1.010805,0.771831,8
-0.143882,0.474119,0.096604,0.339546,0.323583,0.04963,0.521024,8
-0.061377,-0.622811,0.245952,0.711564,0.897506,0.890975,0.431732,7
-0.635976,0.182858,-0.359436,0.22908,0.381406,1.785075,0.479035,7
0.68881,-0.50155,-0.844677,-0.529721,0.058478,1.501564,0.846669,5
0.319354,0.52128,0.298932,-0.21464,0.215803,2.517002,0.717634,8
0.685433,-0.986104,-0.150802,-0.522137,2.740243,1.103011,0.207932,7
-0.58015,0.097292,-0.588987,0.659421,0.446596,0.176344,0.545617,8
0.981732,0.856925,0.177682,-0.40259,0.358329,0.003235,0.657559,8
0.928175,0.648062,0.922732,-0.267684,1.796125,2.211952,0.829496,6
-0.522718,-0.557126,0.393736,0.992075,0.187658,0.150315,0.766757,7
0.910344,0.756735,-0.136581,0.353995,1.529293,0.894879,0.830349,5
-0.032928,-0.529771,0.934965,-0.975463,2.195913,1.457254,0.808866,5
0.24992,-0.554913,-0.087231,0.912179,0.179168,0.951509,0.769064,7
0.085406,-0.596745,0.153832,0.438518,0.736083,1.03372,0.426495,8
-0.442361,-0.712058,0.193257,-0.104577,0.824753,0.059389,0.350987,8
-0.463058,0.938751,0.183385,0.959954,1.260492,2.154184,0.713172,8
-0.769843,-0.934476,-0.013439,0.570718,0.940487,3.809035,0.76147,7
-0.801649,0.670156,0.023755,-0.048095,0.58348,1.584787,0.757757,8
-0.922991,-0.963501,-0.705531,0.59281,3.855981,0.844997,0.817651,5
0.818426,0.25304,-0.688332,-0.207708,1.509994,0.033463,0.706373,5
0.517631,-0.370035,-0.809484,0.405589,0.140196,0.754104,0.925237,8
-0.650271,0.306537,0.442191,0.932917,4.922908,1.136708,0.465024,5
0.20392,-0.504393,0.80835,0.925702,0.439628,0.037773,0.388607,8
0.19509,0.783851,0.568822,-0.423116,0.572052,1.883412,0.696968,6
-0.640747,-0.089703,-0.138399,-0.499996,1.576382,0.298997,0.464075,7
0.969431,0.981847,-0.780737,0.987535,0.079146,0.412049,0.524918,5
-0.817439,-0.474496,-0.594908,-0.778363,0.203947,1.453897,0.660694,6
-0.78823,0.504667,-0.830772,-0.30607,0.232337,0.322467,0.808598,6
0.05837,-0.399084,0.607204,-0.657772,1.246484,2.313374,0.754176,7
-0.71088,0.028315,0.581609,0.094572,2.694468,1.368165,0.638818,7
-0.76352,-0.412433,0.593704,0.835365,0.101093,0.147486,0.691821,6
0.563885,0.802106,0.703485,0.510897,0.737697,0.359775,0.622944,7
0.888214,0.089457,0.171039,-0.227327,0.167028,0.251278,0.497962,5
0.915206,-0.115924,0.774812,-0.657658,0.523476,1.643295,0.635247,7
0.558893,-0.26014,0.797719,0.267538,0.982907,1.530273,0.331714,5
0.517073,0.201599,-0.34906,-0.775686,0.286253,0.207465,0.51898,8
0.303904,0.254161,0.273323,0.133393,1.346956,0.851542,0.497552,8
0.04494,-0.990913,-0.983655,-0.765502,1.064454,0.056718,0.422342,6
-0.828853,-0.261295,-0.48525,-0.741548,0.971833,0.654981,0.744681,8
0.854925,0.59744,0.653516,0.507798,0.179505,0.028907,0.732197,7
0.060245,-0.977498,0.642812,0.717638,4.418819,0.337074,0.650148,5
-0.338072,0.243539,-0.838059,-0.879424,2.08028,1.742429,0.600691,8
0.292945,-0.327448,-0.040733,-0.932906,2.809072,0.877755,0.92366,7
0.244945,-0.851215,0.251681,0.05688,0.920785,0.071519,0.705487,6
-0.547735,-0.322699,0.678507,0.78349,4.321357,1.143885,0.651844,5
-0.417895,-0.958183,-0.249821,0.808022,0.587945,2.088255,0.65515,8
0.458131,-0.075393,-0.259107,-0.152809,1.003055,0.838251,0.654136,6
-0.171203,-0.229321,0.722804,-0.190866,0.234337,0.608867,0.824162,6
-0.326548,-0.346342,-0.353232,0.822987,4.108069,1.466559,0.398435,8
0.486682,-0.13323,-0.13832,-0.722912,0.38063,3.00057,0.609904,6
0.733613,-0.68397,0.641983,-0.518347,3.253045,3.049202,0.247677,7
0.971847,0.04634,-0.37569,0.945932,2.411059,0.323717,0.678655,5
-0.393335,-0.517409,-0.594746,0.542883,0.041548,0.01363,0.890245,6
-0.431444,0.072637,-0.237639,0.30218,2.667065,0.141772,0.782985,8
-0.403342,-0.290069,0.790265,0.816501,0.154882,1.475483,0.496133,7
-0.82912,0.002253,-0.631723,-0.980925,0.34369,2.617046,0.78345,5
-0.322939,0.885965,-0.037287,-0.957593,2.533769,0.102921,0.714469,7
0.119281,-0.809623,0.447578,-0.987493,0.84333,1.362819,0.452808,7
0.927931,-0.349197,0.392807,-0.87468,2.801505,0.046179,0.201407,5
-0.932509,-0.564804,-0.412018,0.260394,0.373956,0.020157,0.441183,8
0.868014,-0.037089,0.659347,-0.879447,1.563476,3.991047,0.764526,7
-0.710215,0.007831,0.100793,0.406506,0.652756,0.814069,0.720317,8
0.313514,-0.928038,-0.800147,0.327451,0.127034,0.846163,0.78704,7
-0.866106,0.460055,-0.660568,-0.679144,1.826221,1.419786,0.865159,7
-0.647352,0.963916,-0.949093,0.974723,0.510836,1.2495,0.813024,8
-0.554154,0.402111,-0.154171,0.046764,1.29431,3.265265,0.729807,7
-0.944246,0.394597,-0.76328,0.450248,2.512227,2.113839,0.832868,8
-0.886776,0.606345,-0.988613,0.941858,0.335142,0.978569,0.720734,7
-0.125068,-0.878126,0.668665,0.084725,0.304075,0.15628,0.753426,8
-0.967618,-0.715968,0.268712,-0.922867,0.03571,0.055661,0.498072,7
0.565158,-0.614138,-0.952439,-0.27586,2.384894,0.38654,0.438759,8
-0.763348,0.723226,0.219991,0.299399,0.063095,1.516377,0.345938,7
-0.453846,-0.20374,0.123527,-0.57399,0.712842,0.759718,0.786597,8
0.56619,-0.506395,-0.182057,-0.447249,3.029902,2.477685,0.865856,7
0.081494,0.623363,-0.845373,0.694029,1.923892,0.104081,0.905432,7
-0.652963,-0.566337,0.021582,0.9621,3.75182,1.794938,0.183045,5
0.747157,-0.851205,0.579,0.468435,0.71982,1.013483,0.569577,5
0.999837,-0.417048,0.107393,0.671589,3.688151,1.210369,0.265028,7
0.257725,0.309165,0.806708,-0.823742,2.025444,0.746065,0.368654,5
-0.573207,-0.961915,0.691929,-0.851272,1.442259,1.440435,0.425891,8
-0.008578,0.742739,0.761299,0.132712,1.490671,0.495206,0.235242,7
0.617719,0.228596,-0.709126,-0.777662,1.67195,1.543642,0.27513,6
0.440174,0.915191,-0.454953,-0.390855,0.460053,0.054593,0.812678,8
-0.011496,-0.714775,-0.719745,-0.786925,2.34923,5.002845,0.402847,7
-0.022263,-0.2074,0.044787,0.963493,0.545588,3.057276,0.565507,5
0.494814,0.665484,0.757329,-0.241044,3.570729,0.219402,0.743339,5
0.414215,-0.081055,0.668707,0.567875,0.919839,0.096928,0.358974,8
0.166108,-0.002682,0.199156,0.263323,0.193631,1.281101,0.871248,5
-0.327294,-0.090177,0.172961,-0.302478,0.752589,0.270401,0.681691,6
0.734066,0.363305,0.54722,0.571562,1.623366,0.098556,0.887773,8
-0.281941,-0.625146,-0.071464,-0.899701,2.12386,0.055864,0.234446,5
-0.700284,0.545308,-0.296418,-0.134341,0.501372,0.660311,0.710714,7
0.025621,0.108187,0.037515,0.978926,1.177052,0.809607,0.73765,7
0.284755,-0.839627,0.420135,0.241305,0.538788,0.20215,0.56992,6
0.253644,-0.751184,-0.085181,0.502022,0.761002,0.746129,0.879504,8
-0.817402,-0.952602,-0.95997,-0.916889,1.207046,0.443084,0.609562,7
-0.418177,-0.527536,-0.822903,-0.735109,2.196271,2.803696,0.526233,8
-0.705831,0.969526,0.668635,0.282132,0.729944,1.187917,0.929648,5
0.324137,0.309822,-0.84732,-0.814046,6.30129,0.705299,0.516016,8
-0.580878,0.149127,0.82964,-0.16878,0.466846,1.137033,0.494466,7
0.456833,-0.467371,0.566968,-0.063912,1.787021,0.885281,0.453764,7
0.904059,0.520742,-0.765629,-0.460587,0.208761,0.230903,0.614206,6
0.668433,-0.564355,-0.011126,-0.268458,0.178122,3.574994,0.496283,6
0.431582,-0.87613,-0.456736,0.131618,0.211119,1.149707,0.407406,5
0.037241,0.519901,-0.068111,-0.402436,0.749246,4.093256,0.408327,5
-0.412973,0.887571,-0.405051,0.810443,0.004233,0.884722,0.66285,8
-0.700336,0.387912,-0.864445,0.470104,1.958398,1.747797,0.892912,6
-0.220663,-0.127057,0.919003,-0.195251,0.008535,1.036961,0.475043,7
0.507713,0.096958,-0.561116,0.532985,0.819987,1.256247,0.523461,8
-0.535667,-0.663217,-0.950591,-0.198373,0.931575,2.561056,0.685326,7
-0.525182,0.364599,0.857988,0.014839,0.271123,1.312629,0.428961,7
-0.431076,0.676982,0.832321,-0.364432,2.367973,0.180272,0.862597,6
-0.673413,0.881339,0.081967,-0.153793,1.647496,0.48829,0.677933,8
-0.247201,0.750788,-0.408152,-0.213515,0.192707,0.716731,0.819088,7
-0.428213,-0.252592,0.881087,-0.224989,0.214357,1.165527,0.690851,7
0.056619,0.285619,-0.82322,-0.780516,2.356402,0.450065,0.303741,6
0.332501,-0.815636,0.145136,0.351853,2.696219,0.001365,0.855028,5
0.693989,0.017999,0.077625,-0.491908,3.198707,0.372663,0.315444,5
0.86735,0.323136,0.173313,-0.317876,2.522043,0.525683,0.470247,5
-0.682544,0.700174,0.373709,-0.635599,0.161899,1.55034,0.867583,6
0.582307,0.554272,0.374903,-0.140002,0.596357,0.343042,0.880393,5
0.519799,0.028479,-0.42222,0.896877,1.35077,2.049937,0.759073,6
-0.933081,0.759784,-0.170803,-0.849239,1.586942,1.198127,0.823766,6
0.901894,0.825356,0.711602,0.705408,0.644054,1.48939,0.840904,5
0.163716,0.656258,0.257747,0.681625,2.221336,0.162691,0.73675,5
-0.681034,0.53783,-0.958126,0.407172,0.287454,0.262814,0.858464,8
-0.10802,0.37829,0.357342,-0.360601,1.543093,1.918184,0.857362,7
-0.610422,0.080042,-0.992031,0.630365,2.31478,0.098084,0.724241,8
-0.593999,0.775993,0.316061,-0.426775,0.174736,0.009367,0.775463,5
0.351185,0.894839,-0.591962,0.464269,2.223835,4.382549,0.493463,7
0.49297,0.978328,0.879696,-0.828866,0.702945,0.602794,0.640244,5
-0.576412,0.876927,-0.082557,0.052581,2.857437,0.0574,0.613452,7
0.261852,-0.277424,0.372008,0.753205,0.934376,0.700979,0.749821,8
0.06214,0.590862,-0.123497,0.032164,2.587747,0.110282,0.679052,8
0.462064,-0.895321,-0.33583,0.608864,0.488473,1.399347,0.405198,7
-0.890678,-0.140049,-0.272485,-0.527635,0.554671,2.022478,0.656825,7
-0.918541,0.31823,-0.399236,0.652085,2.044677,0.447928,0.779652,6
0.712568,-0.705923,-0.964501,0.651486,1.785157,2.498609,0.633211,7
-0.882063,0.65723,0.358411,-0.50371,0.720777,0.32566,0.665965,6
-0.266973,0.914581,0.640718,-0.816507,0.244973,0.707421,0.843767,5
0.027043,-0.011642,0.281415,-0.299639,0.678942,2.175573,0.388665,6
-0.827328,0.295046,0.14779,-0.839739,0.444804,0.0685,0.522703,7
0.145424,-0.175423,-0.468177,0.547506,1.467554,0.305526,0.862258,5
0.501639,-0.565069,-0.915237,0.052878,0.489667,3.06002,0.677188,5
0.063626,0.194548,-0.248422,0.660118,0.956815,1.162679,0.576165,7
-0.37521,0.858562,-0.404461,0.013676,0.894022,0.17481,0.406376,6
-0.047211,-0.74987,0.301569,-0.504538,1.451444,0.137422,0.822029,7
-0.095331,0.825395,0.392005,-0.275903,0.671927,0.605227,0.721192,7
-0.751997,-0.690034,0.562654,0.286214,0.611084,2.807137,0.628194,5
0.928662,-0.580918,0.13628,-0.880532,0.548124,2.836076,0.641221,7
-0.475461,0.162572,0.311386,-0.248513,0.39186,0.020912,0.527136,8
-0.408529,0.3566,0.840068,0.990682,1.510082,1.141418,0.406159,8
0.54766,-0.881995,-0.760397,0.095603,1.18051,0.861832,0.730989,7
-0.433477,0.060858,-0.643778,0.187581,0.355498,0.187961,0.555954,8
-0.367719,-0.862259,0.654395,-0.002475,0.49186,0.125707,0.762848,8
-0.764664,0.670774,0.811947,0.794186,1.095369,3.839509,0.91556,5
-0.142521,0.34931,0.225426,-0.144519,1.919074,0.645943,0.303224,6
-0.809342,0.840026,-0.642125,0.285034,0.128822,5.706651,0.501627,7
0.512082,0.924215,-0.905397,0.474553,0.045078,0.086048,0.762496,5
0.467076,0.177589,0.265197,0.612395,0.233322,1.703775,0.720709,5
-0.947681,0.310293,-0.080703,0.028852,3.517743,0.638315,0.823783,6
-0.549143,-0.856317,0.42744,0.756497,2.853115,0.442065,0.452856,7
0.107584,-0.689995,0.383395,0.150044,0.242647,0.620168,0.256779,7
0.188784,0.522179,0.649388,-0.34359,0.642162,1.247903,0.367718,8
-0.355495,0.218096,0.114556,-0.111726,1.050362,0.771945,0.883803,6
0.832639,-0.60505,0.150434,-0.2328,1.040503,0.861969,0.69131,8
0.796553,-0.502724,0.271826,-0.555802,0.758187,0.67941,0.485217,7
-0.083609,0.443193,0.221982,0.865769,0.918184,0.570402,0.629659,8
0.182882,0.836589,-0.333366,0.89196,0.674406,1.15509,0.73661,8
0.880239,-0.459615,-0.675901,0.077065,0.315401,1.060047,0.623345,6
-0.866885,-0.367058,0.171389,-0.263226,2.371174,0.095778,0.835646,6
0.096523,-0.737408,-0.078339,-0.632538,0.410111,0.00994,0.9123,5
-0.796558,-0.921844,0.723054,0.200086,0.117799,0.695586,0.751456,8
0.739318,-0.452961,-0.758908,0.087727,1.402608,0.512226,0.476955,5
-0.046302,0.445531,-0.117833,-0.908484,2.336436,1.259119,0.913356,6
0.11013,-0.912679,-0.566543,0.433611,0.322414,0.546823,0.808535,5
-0.16214,-0.542841,-0.499224,-0.630649,0.040636,1.808368,0.877202,6
0.318441,0.276095,-0.338691,-0.781264,0.749961,2.957897,0.55561,6
0.751934,-0.020827,0.741693,0.559326,0.296905,1.706843,0.711081,7
-0.456364,0.393669,-0.497887,-0.311301,0.219298,0.697259,0.790974,7
0.39145,0.59541,-0.54766,0.174701,0.081265,0.26341,0.853477,5
-0.731576,0.447561,0.4282,0.426136,0.050302,0.740334,0.370979,8
-0.447471,-0.552737,-0.975852,0.207781,0.192427,1.054687,0.517848,6
0.961241,0.491809,-0.741003,-0.918192,0.184414,2.989782,0.487812,7
0.178144,-0.19425,-0.281684,0.255107,0.037047,0.897542,0.341417,7
-0.839443,0.3819,0.558346,0.494208,0.484454,2.63287,0.415929,5
0.256093,0.594832,-0.049083,-0.648486,0.593396,2.207913,0.725126,6
-0.189233,0.049849,0.418455,0.269575,0.137281,0.049368,0.830194,7
0.391195,-0.977998,-0.232075,0.755029,1.709442,0.335958,0.545387,8
-0.707983,-0.276511,-0.095026,-0.45723,2.930001,2.810463,0.691611,7
-0.753915,0.466722,-0.662588,-0.943784,1.683234,1.943994,0.692441,5
-0.666462,0.728279,0.570694,-0.346757,1.575743,2.545186,0.719229,5
0.251454,0.424844,0.514281,-0.147442,1.918951,0.247435,0.188409,8
-0.765286,-0.346216,-0.79389,-0.227797,0.676183,0.641658,0.70173,8
0.876475,0.495351,0.785293,0.159797,0.540606,1.698119,0.410943,7
0.978897,0.008779,0.679975,0.645648,0.359306,0.6755,0.398606,5
-0.783905,-0.499721,-0.957391,-0.264114,0.33501,0.70061,0.954338,6
0.403655,0.727138,0.756426,0.406291,0.991303,0.464765,0.666205,5
-0.339284,-0.069088,0.795635,-0.484539,1.081512,0.098535,0.691447,5
-0.636218,-0.981762,-0.643388,0.229774,0.216241,1.960394,0.472962,5
-0.623783,-0.650054,-0.174148,0.885978,0.716936,2.153559,0.872364,6
-0.1203,-0.318877,0.26505,-0.572808,1.327794,3.846567,0.837694,5
0.06043,0.591123,0.217788,-0.902106,0.124783,0.117131,0.777967,8
-0.910648,0.705499,0.254385,0.752868,1.791994,0.593504,0.808537,7
-0.427782,-0.851574,-0.211282,0.91288,0.37246,0.946692,0.729979,8
0.306324,-0.876251,-0.706181,-0.006646,0.736614,0.54797,0.393804,6
0.602318,-0.856517,0.289119,-0.659437,0.178711,2.211533,0.48077,6
-0.131106,-0.800746,0.779513,-0.26232,3.928648,0.085485,0.402161,8
-0.456297,0.670283,-0.3697,-0.615829,1.128643,0.085075,0.809836,6
-0.624082,-0.701006,-0.725994,0.571935,2.932516,0.995591,0.381826,8
-0.135753,0.350135,-0.592928,-0.785661,0.338429,0.006355,0.803872,7
-0.04428,0.074539,-0.75439,0.350213,1.088146,1.820791,0.466132,8
0.980446,0.850493,-0.248034,-0.213132,0.64684,0.389329,0.662668,7
-0.879374,-0.203671,0.412044,0.917983,1.203368,0.147809,0.271331,5
0.046583,0.919277,0.944401,0.848629,0.383527,0.443905,0.487824,6
-0.491321,-0.571925,0.155328,0.266167,0.031269,0.854333,0.581401,6
0.617104,0.917287,0.669042,0.041145,2.981478,0.403502,0.629105,6
0.958924,-0.652324,0.258948,0.008091,0.956296,1.24206,0.429644,5
0.935843,0.270047,-0.373117,0.45986,0.778135,6.403327,0.735,6
-0.953805,-0.062536,0.134233,-0.888851,0.90473,2.00045,0.914837,5
0.649571,-0.492015,0.744129,0.703399,1.928381,0.011839,0.59399,7
-0.003586,0.859721,0.958013,0.303523,2.336259,2.794617,0.434741,6
0.808815,-0.351956,0.640036,0.895511,0.8429,1.075286,0.547369,6
-0.962824,-0.72648,0.311231,-0.018959,0.193691,1.213033,0.104756,8
0.370158,0.28429,0.370267,-0.138654,0.887382,1.270452,0.776804,5
0.155775,0.502756,-0.942899,-0.656661,0.667023,0.123458,0.827211,6
0.440649,0.694333,0.027634,-0.663238,2.573021,0.98783,0.345503,7
0.076561,0.968766,0.919957,-0.177993,0.507913,0.289118,0.461165,5
0.015315,0.895295,-0.993344,0.605725,1.43298,0.423705,0.868461,6
0.010924,0.186668,0.9272,-0.146286,0.019036,0.173855,0.765937,6
-0.85368,0.275767,0.883124,-0.608637,1.878671,0.963348,0.83768,6
0.693987,0.486962,-0.642277,-0.076479,5.431633,0.358026,0.829847,6
0.095551,-0.788388,0.438074,0.465273,2.077497,0.826203,0.825497,7
0.392991,0.602914,0.937556,-0.229592,0.943992,4.335751,0.788608,5
-0.140924,-0.119339,0.286549,0.824032,2.922052,0.986938,0.737266,8
0.947579,0.613943,0.071789,0.372833,0.848078,0.089985,0.510261,8
0.679803,-0.812273,-0.305216,-0.614632,0.968688,0.111614,0.740427,5
0.197189,0.968918,0.739348,0.026206,0.298136,0.364458,0.580024,7
0.292708,-0.324284,-0.882963,-0.348552,1.861754,0.521071,0.872544,6
0.810212,-0.761564,0.874524,0.033843,0.219074,2.982981,0.403475,8
-0.065983,-0.841689,0.765466,-0.533446,0.935206,0.469029,0.161949,7
-0.172795,-0.774755,-0.428578,0.313352,0.326499,0.380797,0.688119,5
-0.009723,0.233407,-0.84166,-0.4476,3.279277,0.112273,0.778197,7
0.260848,0.778361,0.704068,0.991213,0.471854,0.880608,0.957893,8
0.132972,0.124248,0.965073,-0.591083,0.686292,0.936992,0.683455,8
0.269211,0.632864,-0.789549,0.211641,1.29769,0.897489,0.552391,8
-0.962176,0.285143,0.396599,-0.223272,0.000337,2.378942,0.920972,7
0.348559,-0.005522,-0.689226,-0.203502,0.901265,1.778696,0.53815,7
0.030241,-0.420983,-0.658006,-0.964057,1.100838,1.776051,0.672301,7
0.653376,-0.155222,-0.335829,0.780378,4.012953,0.985913,0.61725,6
-0.346527,-0.380871,-0.649887,0.847504,0.864759,2.97124,0.699582,7
-0.324843,-0.506463,0.904097,0.996725,0.422561,0.803594,0.537591,8
0.204728,-0.595132,0.108898,0.942695,0.007376,0.970081,0.92029,5
0.827852,0.757231,0.022569,-0.367729,0.006118,0.202334,0.604048,5
0.938484,0.25447,0.867355,-0.165966,1.191231,0.600738,0.848966,8
-0.819754,0.885141,-0.535375,-0.252237,0.240559,0.618417,0.54447,8
-0.513177,0.888535,-0.703583,-0.232915,1.098105,0.582713,0.440173,6
0.103174,-0.905284,-0.733138,-0.677371,1.413517,1.072837,0.845527,5
-0.91465,-0.080745,0.452959,0.000297,1.303459,1.990821,0.832585,8
-0.602979,0.852717,-0.769944,-0.10181,0.743491,1.739542,0.444897,5
0.653688,-0.630189,-0.865679,-0.384458,1.775746,0.697004,0.535039,5
-0.128797,0.448666,-0.892244,-0.054482,0.158431,1.325044,0.538402,6
-0.111486,-0.024266,0.347557,-0.04474,0.285164,0.85068,0.698368,6
-0.110179,0.065126,0.392278,0.320688,0.681356,1.903896,0.740769,5
-0.734305,0.547828,-0.982733,-0.217804,1.106382,0.555601,0.460734,8
0.358608,-0.427537,0.237736,-0.865843,0.700322,0.957617,0.740861,6
-0.562939,0.170921,-0.518414,0.768921,1.018716,3.160811,0.472606,8
-0.013817,0.722511,0.166743,0.733616,0.993273,0.248493,0.715944,8
0.839564,0.529077,-0.485619,0.612459,0.973988,2.019426,0.590356,5
0.64395,0.311264,-0.655843,-0.646416,0.217039,0.046737,0.062008,8
0.840901,0.944366,0.633486,0.399195,0.283392,1.256671,0.547461,6
0.55992,0.791499,-0.139987,0.960153,3.826291,0.734676,0.830232,7
-0.818287,-0.523643,-0.100872,-0.045589,3.056275,0.368864,0.635266,7
-0.357045,-0.194044,0.396201,-0.620235,2.27298,0.199706,0.926342,7
-0.893415,-0.498493,0.384546,-0.599757,0.408352,0.893991,0.707873,7
-0.080089,-0.633562,-0.047241,0.965514,0.27171,0.717016,0.305658,8
-0.454561,0.060287,0.125765,-0.170281,0.283264,0.439554,0.485077,7
0.134012,-0.226514,-0.015825,0.103722,3.460637,0.980929,0.866126,7
0.511502,0.145808,0.343737,-0.003163,0.486347,0.677635,0.466282,7
0.522377,-0.335493,-0.715096,0.360972,3.198155,0.212992,0.712407,6
0.730887,0.825774,0.249465,0.518543,0.060975,1.671038,0.675585,8
0.658549,-0.378468,0.534602,0.675666,0.653002,0.787246,0.30546,7
-0.39569,0.916527,0.708333,0.250173,1.83728,0.334626,0.675561,5
-0.002813,0.297164,-0.216765,0.406064,0.742163,0.354061,0.199805,6
-0.735959,-0.712509,-0.392772,-0.077176,0.883243,4.678375,0.204843,8
0.138894,-0.86354,0.972083,0.768524,0.019514,0.25564,0.316314,6
-0.81611,0.380951,-0.050902,0.425236,2.557205,0.055516,0.303244,5
-0.770686,0.633293,0.678119,-0.660846,0.6395,0.556723,0.873684,5
-0.144642,0.582926,-0.291687,0.190046,2.399489,0.23279,0.56556,6
-0.571692,0.813924,0.55263,0.677661,0.256403,3.106485,0.808114,6
0.267549,-0.782453,-0.585849,0.180639,0.262428,0.400155,0.940197,6
0.973645,-0.043074,-0.566503,0.595391,0.359934,2.0721,0.862114,5
-0.665645,0.591544,0.212109,0.60881,0.211013,0.611447,0.805256,6
0.798356,0.377799,0.101315,0.613736,0.31056,0.659366,0.375991,5
-0.297231,0.732266,-0.449285,-0.594867,3.82252,0.773753,0.73166,6
-0.491001,0.781163,0.745493,0.049868,0.381597,0.397053,0.881917,5
-0.864602,-0.929058,-0.717593,-0.726507,1.621459,0.968534,0.403498,7
-0.299796,0.237625,0.879674,-0.777246,2.039431,1.817596,0.875972,5
0.540524,0.839331,0.631424,0.567192,1.935271,0.457907,0.931052,6
0.603477,0.601212,-0.074635,0.711281,0.353068,1.403575,0.686719,5
0.93221,-0.713956,-0.509513,0.914441,0.015642,0.695357,0.683487,7
-0.512309,-0.021166,0.665506,0.788334,0.19317,0.157388,0.876627,6
0.118995,-0.778,-0.189831,0.693245,0.526175,1.91135,0.83745,8
0.844033,-0.36506,0.217788,0.588592,1.368109,1.667679,0.740715,7
0.679309,-0.54212,-0.391328,-0.435161,0.652172,1.123992,0.537027,5
-0.209328,-0.613123,0.382055,-0.212993,0.02244,1.520762,0.367592,8
-0.670243,-0.325267,0.326285,-0.385584,0.622455,2.440296,0.604342,5
-0.178835,-0.755318,-0.574501,0.545729,1.188966,0.698701,0.903586,5
0.971463,0.428611,0.76052,-0.200785,0.294687,1.169568,0.556239,5
0.624461,-0.410233,-0.455871,0.071107,1.128085,1.857438,0.270483,7
-0.190344,0.459279,0.203154,-0.738872,1.549042,1.296791,0.13847,5
0.581622,0.595079,0.622894,0.818552,0.270039,0.05218,0.63336,7
0.752887,0.080195,-0.190045,-0.098419,0.072592,0.045179,0.430945,8
0.89551,0.797756,0.315973,-0.418781,0.171999,0.367862,0.560771,5
-0.426415,0.464007,-0.374346,0.037139,1.580958,0.314764,0.410015,8
0.312853,0.404037,0.110257,-0.140212,0.718547,0.610653,0.579362,5
-0.472312,-0.773983,-0.533558,-0.425956,0.930188,0.99927,0.619176,6
-0.63003,0.636395,0.275149,0.536897,0.030397,1.900385,0.842562,5
0.011041,-0.82465,-0.489642,0.930838,1.905514,0.216493,0.472978,8
-0.650362,0.402928,-0.431042,0.456662,0.607929,1.799897,0.919134,6
0.28612,0.11513,0.3214,0.26714,4.181644,0.624139,0.554611,8
0.994349,0.67326,-0.799808,-0.040041,0.57877,0.430902,0.831544,8
0.461981,0.745972,0.080082,-0.624083,0.789071,0.172604,0.402346,5
0.467555,0.665481,0.284076,-0.427968,4.837627,2.549218,0.560641,7
-0.354245,-0.920535,-0.02472,-0.573694,0.707226,0.599805,0.358542,8
0.131014,0.191325,0.795486,-0.84755,0.297574,0.103084,0.838136,8
-0.739793,0.187905,-0.945283,-0.173382,0.712074,1.902397,0.582888,7
-0.592288,-0.705245,-0.713667,0.522434,0.747838,1.146588,0.650478,8
-0.444005,0.321184,-0.191048,0.497471,0.34361,0.768077,0.752628,5
0.803492,0.580951,0.736526,-0.496573,0.411418,4.621517,0.712961,5
-0.470714,-0.814988,-0.292029,-0.017528,0.283453,2.601075,0.736698,5
0.602967,-0.395642,-0.008796,0.219269,0.11366,1.170585,0.592945,6
-0.94338,0.004995,0.651238,0.642005,1.376442,0.706591,0.606469,5
0.33497,0.978773,0.383354,0.599258,0.028895,0.98176,0.446469,7
-0.767829,0.303047,0.336383,0.576494,1.3593,0.092099,0.4078,8
0.765409,0.879782,0.62713,-0.170423,1.630184,0.011558,0.709244,8
0.232457,0.975217,-0.430107,-0.514782,0.232504,0.605618,0.591511,7
-0.371452,-0.303747,0.438716,0.931627,2.485029,2.436352,0.776597,8
-0.096912,0.862913,0.76392,0.816553,2.43263,0.096149,0.906154,8
-0.48111,0.161763,0.318822,0.288711,3.701693,0.437212,0.599687,6
-0.438391,0.802107,0.164836,0.864804,2.197546,0.201965,0.241102,8
0.374626,0.99703,-0.851159,-0.57715,0.538114,1.211474,0.612946,7
-0.842479,-0.900573,-0.939801,-0.976199,0.247206,1.029413,0.649808,6
0.074683,-0.721638,-0.215623,0.055547,0.142171,0.763042,0.894136,8
-0.166264,0.139391,-0.038605,-0.715902,0.151512,4.413072,0.430706,8
-0.753936,-0.293434,-0.975157,-0.989446,0.713358,0.292345,0.873931,5
-0.026536,-0.376811,-0.362188,-0.248419,2.551408,0.166093,0.890527,8
-0.046911,0.203443,-0.875292,0.56676,0.177178,1.087992,0.740561,8
-0.218091,0.703914,-0.508756,0.441019,0.413775,0.193228,0.824643,7
0.757848,-0.125256,0.156759,0.566658,0.100026,2.705017,0.412821,8
-0.055393,0.646186,0.828144,0.010696,0.509981,0.462877,0.893704,8
0.276306,-0.513038,-0.718937,0.271793,0.740485,0.748917,0.678616,5
-0.285977,0.25574,0.740744,0.153596,1.553559,0.533865,0.861641,6
0.286006,-0.572597,-0.240099,-0.159106,0.396502,0.280316,0.561514,8
-0.015345,0.448715,-0.863259,-0.80993,0.447201,0.286068,0.405296,7
0.038674,-0.686017,0.068557,-0.994988,0.02711,0.955415,0.578055,8
0.271841,0.365749,0.910005,0.291477,5.51912,0.502036,0.47701,8
-0.366749,-0.726559,0.215528,-0.610461,0.382067,0.815641,0.483263,6
0.304014,0.377773,0.086912,-0.551445,0.432187,0.913228,0.933898,7
0.137786,-0.531311,-0.438672,0.761141,1.18891,0.820407,0.5603,5
0.715951,0.285285,-0.843423,0.466325,0.509707,0.561095,0.84365,6
0.82781,0.525842,-0.06394,0.687285,0.717487,1.517012,0.714569,7
-0.683506,0.029989,0.838856,0.863454,2.424462,0.913211,0.649925,6
-0.252624,-0.434213,-0.151331,-0.821444,0.478157,0.343744,0.691956,7
-0.703189,-0.054757,-0.520832,0.889548,1.217598,1.477788,0.810294,5
-0.048445,-0.885448,-0.664409,-0.364369,0.088122,0.178522,0.56577,8
-0.402491,0.721792,0.887024,-0.601034,0.013379,0.224769,0.647492,6
0.649414,-0.432681,0.924149,0.957115,0.845706,1.004405,0.673843,7
0.04195,0.069423,-0.998747,-0.604718,0.244155,0.591135,0.33665,8
0.486094,0.704047,-0.814141,-0.942621,0.410509,0.247021,0.57474,5
-0.78378,0.550782,-0.924388,0.333646,0.568224,0.662274,0.515738,7
-0.823093,0.790822,-0.693532,0.783767,1.005677,0.1392,0.899369,6
0.291212,-0.296023,-0.960395,0.550968,1.493744,0.166701,0.746335,7
0.051223,0.170896,0.02993,-0.219569,1.661772,0.146795,0.920261,8
-0.560193,-0.058329,-0.747308,-0.059292,0.442974,1.983633,0.440209,8
-0.967092,-0.784707,0.57774,0.627849,0.449989,1.503826,0.375369,6
0.065414,0.397465,-0.136443,0.266288,0.456426,0.331017,0.623176,8
0.094543,0.619125,0.234619,-0.286964,0.27448,0.01888,0.930562,7
0.60065,0.033648,0.064989,-0.743616,0.684316,0.859102,0.661064,8
-0.539018,-0.675273,0.448712,-0.195935,1.591438,0.148809,0.672095,8
-0.85807,-0.200787,0.000626,0.299947,0.06931,1.012244,0.351267,6
0.995355,-0.392604,0.152273,-0.764591,0.751172,0.442838,0.283931,8
-0.287636,-0.115011,0.159704,0.903951,0.279547,0.147236,0.542725,8
-0.901065,-0.773328,0.219082,0.691973,0.942539,0.996385,0.723452,5
-0.570067,-0.772417,0.284694,-0.945354,0.859598,0.140621,0.662225,7
0.232997,-0.910172,-0.191937,0.954813,0.418479,0.391408,0.683699,8
-0.986974,-0.215937,0.042463,0.670563,0.728607,0.002263,0.594435,8
0.771192,-0.816373,-0.506906,-0.832157,1.565297,0.285813,0.521638,5
0.616482,0.528901,-0.029399,0.909651,0.45044,0.872263,0.882041,6
0.610618,0.580176,0.688879,-0.515194,1.286476,0.888098,0.580714,8
-0.148207,0.363176,-0.155401,-0.673421,0.256594,2.519027,0.909541,6
0.550748,-0.432408,-0.283289,0.592123,0.44484,0.188249,0.962047,5
0.650512,0.766612,-0.170039,-0.987823,4.96201,0.499008,0.270666,5
-0.477528,0.515718,0.152695,0.654175,2.449805,1.327156,0.616938,7
0.95411,-0.747509,0.190671,0.444675,0.458657,1.274971,0.358773,5
0.691627,0.479146,0.777834,0.336605,0.257723,1.608176,0.558589,6
0.483453,-0.928674,-0.865024,-0.801421,0.493101,0.267204,0.76516,8
0.341701,0.875702,-0.829698,-0.822865,0.737298,1.627252,0.561202,5
0.253625,0.278952,0.700291,-0.70115,0.053533,0.129185,0.713208,6
-0.811586,-0.847492,0.116528,0.564007,5.915194,1.680487,0.468997,8
-0.747582,-0.167792,-0.094999,-0.400529,0.128961,0.401376,0.665925,7
-0.311026,-0.872108,0.345317,-0.280123,0.723418,1.957478,0.810523,8
-0.88906,0.772497,0.078526,0.846016,1.378038,0.133738,0.125298,5
0.299348,-0.434055,-0.147204,0.35536,0.10615,0.067863,0.887088,7
-0.876945,-0.199758,-0.961374,0.461334,0.078958,1.406205,0.546521,8
-0.599967,-0.236282,0.242164,0.266252,1.569933,0.430219,0.856727,7
-0.537397,0.837688,-0.468401,-0.478707,0.671399,0.340813,0.566679,8
-0.675021,0.308159,-0.106101,0.38145,1.999605,0.178146,0.442722,8
-0.377164,-0.554564,-0.2593,0.407482,0.394825,1.018386,0.736069,6
-0.963596,-0.46511,0.57363,-0.625314,1.875216,1.668896,0.501149,8
-0.046518,0.948953,-0.707417,-0.399497,0.491166,0.72864,0.526585,8
-0.117633,0.545019,-0.042516,0.452501,2.312273,1.227047,0.290047,5
0.254583,-0.747189,-0.152411,0.770753,1.825663,1.536817,0.737725,5
0.557404,-0.609451,0.232976,-0.142288,5.393187,1.388331,0.976854,7
-0.606607,0.230572,0.75312,0.059941,2.211667,1.217959,0.635066,8
-0.566748,-0.802419,0.802587,-0.358213,1.325799,0.398092,0.523179,8
0.909369,-0.927759,0.319355,-0.363094,0.224576,0.775882,0.895602,8
-0.284857,0.834403,-0.398548,0.119887,0.653697,1.075578,0.916611,8
-0.969644,0.426268,0.16068,0.786268,0.571984,4.129355,0.611787,7
-0.767944,-0.440427,-0.526728,0.383324,3.974499,0.267004,0.903969,8
0.212048,-0.246291,-0.008363,-0.997268,0.506772,0.536475,0.638378,5
-0.776694,0.345465,-0.123852,0.28206,1.448801,0.707658,0.868836,8
0.525676,-0.217687,-0.65626,-0.718584,2.862197,1.044377,0.84188,8
-0.912575,0.862734,0.913315,0.04612,1.236512,0.486147,0.641164,8
0.526052,-0.815474,0.295091,0.203188,0.82435,2.713204,0.789005,5
0.9799,0.26827,-0.503226,0.006133,3.274895,4.604709,0.940471,5
-0.634637,-0.326595,-0.698734,-0.050975,1.315481,3.676452,0.597856,6
0.329036,-0.762949,-0.797401,-0.129546,0.20971,0.482245,0.481326,5
0.970331,0.929162,0.820241,0.28836,1.585886,1.516734,0.855748,5
-0.24232,-0.12185,-0.418151,0.344176,3.345121,0.969073,0.560075,5
0.774715,-0.300044,0.845998,-0.109728,0.537384,0.146778,0.591991,7
0.590151,0.756502,0.067723,-0.178637,0.22324,1.394524,0.794774,6
-0.571275,-0.640626,-0.354772,-0.166643,0.444738,0.056271,0.343894,7
0.536755,-0.702891,-0.242904,-0.446567,0.988189,0.063148,0.378337,7
0.566582,0.88563,-0.572873,0.573149,0.825044,0.361748,0.415095,6
0.254333,0.766029,-0.298702,-0.046921,0.300555,0.376322,0.853364,7
-0.645157,0.242665,0.916589,0.063108,0.626833,0.095746,0.444102,8
-0.19867,0.669239,-0.671598,-0.566549,0.204563,0.67863,0.106635,5
0.145202,-0.698917,0.884232,0.947321,0.024412,1.415584,0.613536,8
-0.619029,-0.745558,-0.479465,0.758037,0.73124,0.178883,0.713065,5
0.871827,-0.974372,0.362512,-0.536242,0.020309,0.142659,0.456331,7
-0.139176,-0.906054,-0.811058,-0.730242,1.24722,1.197408,0.625419,8
-0.30056,0.79779,0.216359,-0.648725,2.641704,0.376183,0.909376,5
-0.091914,0.491447,0.591643,-0.932483,0.345929,0.177082,0.876976,7
0.925851,-0.912069,0.861648,0.8325,0.857193,0.130828,0.638805,8
-0.281082,0.446956,-0.918612,0.617567,1.62548,0.541625,0.596678,5
0.329253,-0.414225,-0.828953,0.626782,0.277443,1.503586,0.259553,8
0.85632,0.864524,0.115338,0.464523,1.066238,2.765914,0.262055,5
0.543425,-0.853598,-0.379808,0.018852,1.779447,0.155529,0.637457,8
0.738639,-0.384815,0.114688,0.110343,2.075915,0.443753,0.637161,7
0.261712,0.694483,0.455953,-0.64184,0.658777,0.263703,0.679083,5
0.597238,-0.260904,0.52672,-0.014224,1.879935,2.805463,0.837589,6
0.416642,0.460531,-0.615282,0.162266,0.076924,0.796396,0.500621,5
-0.206306,-0.277765,-0.245798,0.421572,1.448656,0.661697,0.85698,7
0.810215,-0.284295,0.513639,-0.896371,0.516941,0.537778,0.834769,6
0.912499,-0.393333,0.793701,-0.717724,0.254652,1.040612,0.595572,8
-0.790942,-0.961259,0.038543,-0.306035,0.777994,3.89277,0.695189,8
-0.586834,0.99472,0.646389,0.9402,0.023227,0.30356,0.568387,5
-0.214022,-0.108384,-0.911753,-0.729236,0.500091,0.176844,0.531833,5
-0.11529,0.807903,0.148861,0.105594,1.028934,2.377645,0.549451,5
0.290067,0.381554,0.432147,-0.33757,1.751902,3.31122,0.342697,6
-0.315204,-0.350055,0.067861,-0.832905,2.665341,0.229928,0.635326,8
-0.52329,-0.330969,-0.018262,-0.636035,0.507357,2.025868,0.447876,8
-0.461484,0.334684,-0.097004,-0.389678,0.416668,0.092404,0.910753,6
-0.453055,-0.680796,-0.896667,-0.810798,0.219033,0.462611,0.852085,8
-0.16836,-0.105239,0.264204,0.645211,1.325196,0.152651,0.757822,7
-0.66805,0.41007,-0.749562,0.757241,1.892568,0.491597,0.636638,5
0.715842,0.910217,-0.425764,-0.695413,2.073616,1.667469,0.885519,6
-0.958475,-0.541142,-0.234648,0.419037,0.130124,0.068052,0.871085,7
-0.924751,0.967261,0.683087,0.839348,1.823196,0.542206,0.209859,7
-0.562394,0.416026,0.838829,-0.613363,2.839053,1.183185,0.81745,5
0.792417,-0.150817,0.581579,0.460976,0.423148,0.775537,0.146548,7
-0.231469,0.901051,0.260708,-0.099423,0.733327,2.561251,0.505595,6
0.919522,-0.099148,0.855737,0.683252,0.007534,0.377049,0.78279,7
0.821797,-0.341014,0.985791,-0.454155,0.534105,0.848844,0.594979,7
0.822156,-0.195029,0.583051,0.945558,0.286763,1.738103,0.680769,6
-0.792767,0.142744,-0.628093,-0.099298,1.622084,0.44259,0.750769,6
0.932068,0.678771,-0.515959,0.228399,0.704702,0.580053,0.658071,5
0.552199,-0.023894,-0.971109,0.687856,2.062309,0.926881,0.822738,7
-0.832808,-0.107479,0.627979,-0.75537,0.343443,0.986655,0.710582,7
-0.833104,0.649179,-0.003985,-0.609273,0.241559,0.217761,0.827543,8
0.472349,-0.807314,0.568538,-0.662559,0.429487,3.986083,0.758119,7
-0.055631,-0.726126,0.361804,0.460259,0.86315,1.020428,0.554476,8
-0.189343,0.34017,0.351614,0.563533,0.399568,1.420234,0.266734,5
-0.85287,0.334435,-0.361193,-0.745892,0.04208,0.62256,0.242857,7
0.764659,0.78483,0.668827,0.79992,1.29577,0.64688,0.534698,5
-0.664055,-0.668323,0.759239,0.144537,1.150531,1.154576,0.795173,7
0.732259,0.72721,-0.401152,0.353145,3.525559,0.6601,0.814479,6
-0.9579,-0.555654,-0.114223,-0.858834,0.496401,0.01887,0.384183,7
0.407799,-0.47711,0.708957,-0.453001,0.924223,0.309992,0.768723,8
0.332433,-0.077285,0.1566,-0.908384,1.554601,0.261937,0.595904,6
0.532048,-0.040621,-0.047402,0.171813,0.298914,0.339272,0.51503,7
0.551314,-0.215389,-0.970062,-0.733443,0.195438,0.616937,0.098654,6
0.32379,-0.843989,-0.117378,0.560914,1.793257,1.261332,0.692186,8
-0.940291,-0.215906,-0.935884,-0.983516,0.37985,2.687367,0.745367,6
-0.876298,0.116009,0.644583,-0.405225,1.586783,0.357688,0.707251,5
0.685472,0.198437,0.447361,0.884859,1.562762,1.649486,0.187934,8
-0.542963,-0.208504,-0.961077,0.782632,2.490385,0.226457,0.735428,7
-0.299394,-0.053082,0.814932,-0.70796,1.202327,0.378125,0.789778,6
-0.316485,-0.29145,-0.06698,-0.915408,1.275149,0.887091,0.39407,7
0.508206,-0.540766,0.636399,0.189501,0.4877,0.335086,0.796525,7
-0.758892,-0.236696,0.063424,0.616908,0.939026,2.551781,0.363187,8
-0.737814,-0.981248,0.527947,-0.797614,0.038862,2.658016,0.778138,5
-0.065109,0.543723,0.898598,0.724224,0.377349,5.426907,0.729501,5
-0.039599,-0.38281,-0.414902,-0.307874,0.888766,3.531485,0.695549,5
-0.142387,-0.945361,0.892535,-0.059433,0.828806,0.633722,0.696424,6
-0.362279,-0.904192,0.606871,-0.357808,1.205842,0.484865,0.686139,6
-0.582056,0.117032,-0.495641,-0.163878,0.649566,0.390033,0.810487,8
0.899427,-0.932083,-0.93069,-0.463162,1.955542,2.195744,0.81655,6
0.453715,0.287718,0.760633,-0.502937,0.825471,1.37957,0.527926,8
-0.987124,-0.442204,-0.857322,0.694283,0.220892,1.189792,0.728852,5
0.692914,-0.666916,0.64918,0.218594,0.046121,1.181632,0.60677,6
0.481989,0.442621,0.971979,-0.154396,1.138147,1.616172,0.41069,8
0.07843,0.84303,-0.818431,-0.689441,0.012463,1.848044,0.572949,5
0.230283,-0.533716,-0.59254,0.09537,0.038864,0.353882,0.890773,6
0.638719,-0.225874,-0.875516,-0.542699,0.520966,0.051934,0.873513,6
0.248396,0.579345,0.817677,-0.277612,0.634909,0.213152,0.850392,8
-0.645392,-0.820629,-0.745221,-0.00299,0.354547,0.694309,0.221415,8
-0.978676,0.453883,-0.225903,-0.063453,1.148077,0.279576,0.459954,5
-0.899012,0.418871,-0.367757,-0.415663,0.23156,2.729509,0.807845,5
0.143913,-0.745578,-0.299425,-0.03197,0.217262,0.850512,0.834059,8
0.090947,-0.266316,-0.212425,-0.30885,0.760259,0.278141,0.635768,6
-0.252926,-0.651105,0.067086,0.26564,0.682765,2.01912,0.510991,6
0.219104,0.399419,0.255003,0.08068,0.085004,0.026524,0.725342,6
0.976584,0.599237,0.862664,-0.919343,1.84895,0.052616,0.565325,8
-0.827613,0.776069,-0.788541,0.710866,0.40449,0.582687,0.290022,6
-0.734519,-0.079278,0.679742,0.813839,0.095573,0.613012,0.731521,7
0.564775,-0.992435,0.0559,-0.787013,0.598033,0.274381,0.611728,8
0.03491,0.87084,-0.882723,-0.702443,0.011551,1.953796,0.320061,8
0.81591,0.666533,-0.564011,-0.36092,1.586774,0.879585,0.386548,6
-0.452018,0.345878,-0.560435,0.043017,1.831979,0.902451,0.777692,7
-0.805436,0.581195,0.936449,0.767641,3.322009,0.763628,0.684456,6
0.0082,-0.520386,-0.963412,-0.681771,0.820135,1.285538,0.326991,8
0.934854,-0.43376,-0.903284,-0.220347,0.011963,0.8092,0.7372,6
-0.600133,0.839516,0.750911,0.220564,0.219815,2.071818,0.670571,8
0.033212,-0.593219,0.290671,0.187803,0.378466,1.865582,0.84106,7
0.81337,0.298721,-0.880524,-0.120323,0.366195,0.187911,0.458241,7
0.721463,0.632602,0.996808,0.09233,0.497698,2.336548,0.289439,7
-0.707726,-0.871574,-0.956494,-0.011311,0.493648,0.476138,0.728283,5
-0.960855,-0.319406,-0.762116,-0.601529,0.879173,0.654169,0.201378,5
-0.51878,-0.357375,-0.871791,-0.976615,1.454475,0.137805,0.686337,6
-0.384549,-0.205258,0.120566,0.382427,1.392903,0.183085,0.962815,8
-0.240529,0.93798,0.941628,0.67431,0.00497,4.073479,0.710036,8
-0.745955,0.758391,-0.005386,-0.384,0.514105,2.178104,0.734685,5
0.700737,0.182786,-0.476373,-0.131368,0.273528,0.994374,0.843451,6
-0.858009,-0.518683,0.042909,0.473218,0.876964,1.156311,0.781505,5
-0.64866,-0.902896,0.397127,-0.13328,4.553334,0.098511,0.455166,6
-0.562562,0.078805,-0.709812,-0.316636,1.744977,2.46339,0.728915,6
0.868021,-0.841678,-0.450898,0.813609,0.429124,0.212432,0.492359,6
-0.710888,0.580341,-0.384629,-0.131798,0.819165,0.68447,0.670493,8
-0.392199,0.819338,0.277455,0.825083,0.923908,0.507722,0.80807,5
0.138964,-0.845474,-0.033409,-0.451101,1.090623,0.263632,0.749735,6
-0.735438,0.455993,0.018545,-0.003196,0.060189,0.002721,0.894188,8
-0.834527,-0.113538,-0.091164,-0.200886,0.39377,0.486841,0.662366,7
-0.05873,0.505846,0.960817,0.60989,1.613949,0.548195,0.131657,7
0.133583,-0.664783,-0.377171,-0.451285,0.036326,2.319906,0.780325,5
-0.48814,-0.342311,0.064102,-0.445732,0.853113,0.916523,0.760691,6
0.175752,-0.676894,0.092126,0.502839,1.557854,1.074548,0.598997,5
0.6401,0.780866,0.403108,-0.09774,1.026345,3.661402,0.608506,7
-0.807691,-0.24084,0.294731,-0.453091,0.225685,0.379152,0.853118,5
-0.303831,-0.277263,-0.19338,0.003743,1.870451,1.559951,0.574614,6
-0.264441,-0.144258,0.886652,0.791765,0.88319,2.025713,0.79584,7
0.401526,0.277387,-0.325607,0.517415,0.906675,0.788165,0.679296,8
-0.208068,-0.165211,0.89154,-0.836182,0.538347,0.857689,0.272471,8
-0.471728,0.686003,-0.696186,0.435087,0.515614,0.437517,0.55656,7
0.150636,-0.736015,0.845375,0.254435,1.719022,1.017344,0.681362,7
0.743476,-0.805748,-0.020676,-0.061744,0.695958,3.996764,0.605558,8
-0.200934,0.846902,-0.186923,0.202238,0.827565,0.832346,0.718669,6
-0.178086,-0.767892,0.397624,0.862328,1.352493,2.814665,0.340645,6
-0.20168,-0.619879,0.497681,0.529934,1.406036,2.00261,0.667322,7
-0.065671,-0.996733,-0.91232,0.237201,0.026731,0.087091,0.79668,5
-0.358764,-0.636035,-0.592776,0.183133,0.525274,1.305529,0.75802,8
0.441768,0.626602,-0.91239,-0.528927,0.580093,0.175994,0.509174,8
-0.431697,-0.712824,-0.977908,0.450219,0.533411,0.401363,0.678326,8
0.097398,-0.377227,0.35493,-0.202618,0.044388,0.688842,0.672606,5
0.398606,-0.565573,0.487235,-0.353918,0.559368,0.526487,0.796675,8
-0.343018,-0.23482,0.288548,-0.614435,3.327225,0.074925,0.805591,5
-0.485253,0.192439,-0.911105,0.620025,3.392493,0.815592,0.689448,5
0.542322,0.547377,-0.944221,0.756673,2.162642,1.071896,0.310418,5
-0.971161,-0.020319,0.46952,0.739192,4.429119,2.478226,0.408069,7
0.925307,0.595813,0.792743,-0.454194,0.662127,0.444083,0.819286,8
-0.530219,0.286346,-0.394772,0.756131,0.102633,6.390103,0.31292,6
-0.91378,-0.816376,-0.768157,-0.881247,1.220708,0.266511,0.909932,6
0.313021,0.543669,0.391651,-0.2255,0.693144,1.35326,0.632056,7
0.745736,-0.139794,0.665236,-0.119667,0.978603,0.296984,0.476933,6
-0.475693,-0.059119,-0.403324,-0.93164,0.147058,1.530113,0.79872,6
0.515926,-0.94305,-0.878243,-0.426475,0.18294,0.349644,0.336174,5
-0.616453,-0.505341,-0.389384,0.396614,0.401525,0.632095,0.632426,6
0.354863,0.230085,0.319126,-0.942943,0.926913,1.183277,0.656138,6
-0.829847,-0.767055,0.675456,-0.688846,0.300881,0.602209,0.558056,8
-0.944646,-0.34895,-0.172808,-0.008631,0.222127,0.3466,0.895404,8
-0.747761,0.091465,-0.826135,-0.348071,2.344172,0.433416,0.708592,7
-0.62598,0.737523,-0.882989,-0.911073,0.006141,0.100836,0.612935,5
-0.665638,-0.891356,-0.303634,0.516411,0.955807,1.684045,0.912494,8
-0.646977,-0.640423,0.548605,-0.402317,1.271332,0.71138,0.737985,7
0.03399,0.773508,0.891757,-0.536989,1.112255,0.810521,0.647069,5
-0.699574,0.707623,0.284066,0.186028,0.980135,2.173622,0.69554,5
0.440723,-0.442236,0.044124,-0.270489,1.191001,0.790744,0.694126,8
0.2091,0.381735,-0.750047,-0.696348,0.455366,2.601197,0.888091,7
-0.754087,0.993694,0.260323,-0.99622,1.031356,2.259981,0.604181,8
0.550809,0.934201,0.880036,0.672927,2.832788,3.462843,0.544725,6
-0.269903,-0.759528,0.958379,0.257245,4.573223,0.826665,0.321944,7
0.277234,0.853343,0.022661,-0.838384,0.078796,0.175103,0.248896,8
0.818057,0.454059,-0.830249,0.698961,0.676927,1.027731,0.778071,8
-0.485394,0.927761,-0.923624,0.041696,0.180912,0.560292,0.781328,6
0.188427,-0.924579,0.471432,-0.049548,1.529771,0.516585,0.302685,5
-0.514167,-0.493346,0.561118,0.839716,0.009521,2.162698,0.284628,8
0.957432,0.705335,-0.438034,-0.846199,0.476538,0.753589,0.630402,7
0.621959,-0.905276,0.382146,-0.669045,2.771189,5.013815,0.124514,5
0.805375,0.307448,-0.741335,-0.731366,0.036331,0.302055,0.789436,7
0.749937,-0.100848,0.112817,-0.991393,0.753268,1.770418,0.882843,6
0.0918,-0.742676,-0.016317,-0.681738,1.728108,1.40632,0.34962,5
-0.565311,0.04571,-0.11645,-0.695494,0.156608,0.030387,0.74543,5
-0.516878,-0.34807,-0.462231,0.651501,1.771691,1.672611,0.708133,7
0.355537,0.031728,-0.73789,0.361341,1.260225,0.971363,0.724314,5
-0.583718,0.4491,-0.410721,0.548943,0.289738,2.602034,0.771012,6
0.600247,-0.21767,0.709205,0.134053,1.123175,0.890519,0.763858,5
-0.604783,-0.109653,-0.897326,0.578062,2.795759,0.434273,0.955521,5
0.352822,0.141413,0.307331,-0.867547,0.161767,1.588464,0.750681,7
-0.969292,-0.073514,0.612469,0.358373,0.010145,1.214997,0.603859,7
-0.629962,-0.38974,-0.518437,0.300976,0.248108,0.571252,0.385609,8
0.165003,-0.053274,-0.612238,-0.598585,0.403733,0.409947,0.392666,6
-0.048242,0.867173,-0.512432,0.37667,2.088261,0.100599,0.528321,6
-0.801748,-0.995962,0.523212,-0.501171,2.507383,0.805709,0.59828,6
0.861168,-0.097402,-0.311995,-0.156452,1.181613,0.58741,0.774284,5
-0.807961,0.901581,-0.680895,0.688458,0.293367,1.798433,0.482471,7
0.532842,-0.498062,0.768185,-0.858962,0.34663,0.041601,0.410511,7
-0.954471,-0.953624,0.156094,0.659972,0.11816,2.634625,0.780092,8
-0.430332,0.997736,-0.176168,0.257161,0.147714,0.808901,0.436457,6
0.378999,0.550173,-0.727315,0.347432,0.310907,5.649017,0.476465,8
-0.986173,0.358877,-0.342758,0.802815,0.292382,0.108688,0.362534,5
-0.341001,0.244142,0.869044,0.770242,1.684931,0.642338,0.859615,6
-0.885113,-0.149074,-0.111934,0.298561,0.293845,0.576188,0.777117,8
0.020154,-0.989961,-0.804804,0.459333,1.553827,1.392528,0.743695,6
0.864686,0.822078,0.839589,-0.535372,0.665038,3.354473,0.495746,5
-0.334031,0.150133,0.618563,0.707735,0.006486,1.009491,0.629557,6
-0.092276,-0.095858,-0.42149,0.706307,2.301914,0.823051,0.771189,6
0.355189,-0.837389,0.58438,-0.70969,0.484397,1.48597,0.465083,5
-0.845076,0.808263,0.50309,0.681652,0.771939,3.38151,0.285066,6
0.508199,0.765196,0.175907,0.132735,0.403782,0.85867,0.512923,5
-0.990202,-0.663012,-0.920651,0.830579,0.382131,0.45104,0.816064,6
-0.869836,0.30967,-0.839033,0.001295,1.575462,0.084682,0.745696,6
-0.195467,-0.777969,-0.153645,0.885047,1.457423,1.298163,0.883602,5
0.605849,-0.348619,-0.189443,-0.031974,0.028441,0.517241,0.535158,5
0.402568,0.912289,0.03847,-0.501305,0.213831,0.681082,0.766661,6
-0.541004,-0.33793,0.72647,-0.525408,1.057648,0.049777,0.802023,8
0.0561,0.873476,-0.681121,0.574672,0.28421,0.698552,0.661763,5
-0.562509,0.255671,-0.436829,-0.509178,1.01938,0.399503,0.905895,6
0.04965,-0.444089,-0.082272,-0.518858,0.522161,1.588141,0.373637,8
-0.147545,-0.963162,0.958183,0.621757,4.598939,1.832499,0.512654,5
0.033433,-0.089817,-0.794673,0.868898,0.164447,1.426855,0.325759,7
0.339811,0.66038,0.33562,-0.966593,0.597797,2.915726,0.90266,6
-0.279036,0.887406,-0.811909,-0.639629,1.516776,0.893268,0.163044,5
-0.595381,-0.259091,0.577868,-0.185551,0.820026,0.521155,0.561215,8
0.917398,-0.098921,-0.761491,-0.574085,1.317565,0.871258,0.743554,5
0.140991,-0.810502,-0.424485,0.21011,0.692124,0.382366,0.331528,8
0.87984,-0.305351,0.827573,-0.858109,0.285279,3.634189,0.531701,7
-0.895225,0.167793,-0.914441,0.42955,1.537642,0.982329,0.528956,5
0.969196,-0.896073,-0.662085,0.329696,1.350073,0.263115,0.817422,6
-0.783433,-0.12783,-0.658997,0.438995,0.095662,0.126247,0.377796,5
0.427581,-0.175234,-0.523425,0.447843,1.100442,0.398797,0.399038,6
0.239111,-0.518397,-0.973731,-0.030075,0.451412,0.386582,0.25214,5
-0.768429,-0.710864,-0.461502,0.185961,2.376013,0.039287,0.360435,8
0.922734,-0.310567,-0.836557,0.103653,3.703687,0.381381,0.789192,8
-0.883712,0.743613,-0.127768,-0.276596,0.719315,0.989994,0.387078,7
-0.653959,0.920511,0.923406,0.444686,0.405403,2.826674,0.361322,6
-0.718441,0.73181,0.796183,0.928654,1.590766,3.232891,0.598956,7
-0.544232,0.378687,-0.22849,0.076812,0.301068,3.741129,0.902955,8
-0.698852,-0.774208,0.927178,0.550711,0.820189,0.021635,0.522611,7
0.970304,0.629756,0.323191,-0.286577,0.043913,1.532266,0.312308,7
0.055321,0.595944,0.395807,-0.524216,1.753507,0.602994,0.681176,7
0.75946,0.439249,0.611012,-0.757105,0.349959,0.128767,0.266216,8
0.395762,-0.435695,-0.810613,-0.699304,0.228734,0.060718,0.844839,5
0.417211,0.229031,0.253042,0.959078,0.300478,0.720486,0.632858,5
-0.691706,0.698039,-0.457479,-0.776425,1.31002,0.33118,0.396762,7
-0.69143,0.317395,0.683355,0.938062,3.843048,0.491335,0.433025,6
-0.234098,-0.077494,-0.891243,-0.58575,2.443373,0.042176,0.300771,5
-0.078902,0.364016,-0.226444,0.997132,1.685244,2.621154,0.574377,5
0.009263,0.360958,-0.231683,0.390108,0.430188,0.724021,0.604765,6
-0.199597,0.797189,0.20584,-0.54426,1.332876,0.020662,0.23784,8
-0.517166,-0.694402,0.518989,0.451582,0.311879,0.404744,0.857906,7
0.018347,0.67948,-0.20829,0.914424,0.528613,0.366625,0.657957,7
-0.23769,-0.652892,0.520745,-0.814057,0.457863,1.063862,0.701157,7
0.78039,-0.66395,0.279471,-0.590286,1.546572,3.203301,0.694318,5
0.443771,0.702033,0.628921,-0.464305,0.981839,1.880249,0.758885,5
-0.934914,-0.549813,0.720747,-0.219358,0.716534,0.468873,0.143638,5
0.715746,-0.669823,0.431874,-0.55215,0.615527,0.351639,0.559156,6
0.322624,-0.862189,-0.064693,0.807316,0.076789,1.581042,0.908545,6
-0.5243,0.862412,0.628396,-0.083774,3.840319,1.310944,0.825038,5
0.771703,0.833362,-0.686763,0.893982,1.254093,0.438103,0.854068,6
0.658915,-0.77424,0.970361,0.434539,0.665109,0.962525,0.459171,5
0.196957,-0.136557,-0.800571,-0.331437,0.183455,4.764622,0.831739,5
0.867081,-0.879427,-0.116362,-0.897935,1.250732,1.094496,0.773476,6
0.454046,0.853415,-0.448294,-0.885645,0.115403,1.900067,0.921734,7
-0.156716,0.838888,-0.129619,0.518769,0.054505,1.775127,0.730296,6
0.818538,-0.956617,-0.124067,0.106697,2.339255,0.173503,0.594698,5
0.156362,0.064172,0.909807,-0.622233,0.152044,3.444302,0.936361,6
0.448089,-0.33977,-0.443402,-0.642109,0.217177,0.576813,0.292996,8
-0.760061,0.446093,-0.291028,0.459946,0.359246,0.898528,0.865113,8
-0.431416,0.470643,0.884453,-0.437498,0.835746,1.265601,0.597022,6
0.511563,-0.328307,0.137925,-0.5694,0.351245,2.68934,0.704776,6
-0.339466,-0.71301,0.373647,0.785642,0.278864,0.100709,0.778406,7
0.126987,0.388015,0.025521,0.460084,1.000412,1.06703,0.610862,5
0.914473,0.923941,0.611171,-0.961997,0.635536,0.346979,0.639342,7
0.108972,-0.894318,0.180078,-0.139777,4.270201,1.700535,0.942802,7
0.966577,0.742503,0.24527,-0.996509,0.959571,0.975365,0.305219,7
-0.756959,-0.513063,-0.814385,0.691989,2.807853,0.772583,0.585217,5
-0.882065,-0.75782,0.938673,0.429846,0.424971,0.669179,0.556071,7
-0.220139,-0.387984,-0.472309,0.633098,1.094953,0.210929,0.847857,7
-0.902106,-0.430932,0.626485,0.404953,0.344698,2.079684,0.073245,6
0.413042,0.54541,0.301179,0.267468,0.086299,1.413331,0.719101,6
-0.700023,0.004387,0.642088,-0.33942,0.820149,0.49795,0.755302,5
-0.749106,-0.789458,0.468954,0.972807,1.185306,3.21863,0.219334,8
-0.741406,0.355109,-0.720012,-0.438842,2.706916,0.805018,0.615061,7
-0.634987,0.264585,0.724883,0.106684,1.936771,1.055656,0.865952,6
0.871959,-0.605403,-0.82772,0.464173,0.400026,0.911744,0.792102,5
0.440222,0.548903,0.955192,-0.873728,2.074037,0.123024,0.813435,7
-0.972517,-0.184099,0.335024,-0.561109,2.663296,0.530157,0.770191,5
-0.841086,0.8583,-0.208554,-0.308611,0.075456,0.230635,0.662574,7
-0.06309,0.92201,-0.314809,-0.549443,0.159074,0.407189,0.2486,6
0.182284,-0.282163,0.5857,0.692133,1.096202,0.250161,0.436801,8
0.950917,0.767582,0.354784,0.778293,2.50102,0.554344,0.607372,6
-0.342829,-0.584564,-0.778704,-0.301313,0.055555,5.716784,0.444108,6
-0.376481,-0.467641,-0.505206,0.233653,0.139334,1.695198,0.321415,5
0.022845,-0.743931,0.219713,0.633244,1.846462,0.200071,0.55496,5
-0.901479,0.940869,0.087062,-0.494206,0.172444,0.025987,0.717327,7
-0.846586,-0.997626,0.900619,-0.495822,0.827526,1.632285,0.822354,7
0.052474,-0.542687,0.371571,-0.154198,0.322505,0.872295,0.150211,6
0.782343,-0.233876,-0.739266,-0.301714,0.69722,0.146798,0.827718,8
-0.548763,0.686791,0.329181,-0.942835,0.282977,1.436712,0.716041,7
-0.541073,0.406052,0.791337,-0.012448,0.797978,0.1419,0.458958,6
-0.236975,0.708032,0.370398,0.398969,2.395177,4.455788,0.567476,7
-0.509077,0.735161,-0.128019,0.78492,1.540359,0.497948,0.899606,6
-0.500752,0.303836,-0.302003,-0.224893,0.742061,0.939664,0.355515,5
0.040246,-0.458426,0.757497,-0.651715,0.535764,1.04257,0.277112,5
0.096574,-0.535188,-0.783045,-0.881088,0.212479,2.062088,0.338502,6
0.673388,-0.166969,-0.394181,0.173479,0.8936,0.842998,0.481123,7
-0.171369,0.907344,-0.595935,-0.255023,0.888995,1.157459,0.76273,7
-0.655892,-0.809951,-0.17658,0.614209,4.811183,0.546801,0.729636,5
0.378693,-0.786487,-0.89809,0.730882,0.246742,0.385728,0.293911,7
-0.715862,0.673171,0.291539,0.999272,0.450836,3.208032,0.844099,5
-0.728138,0.628891,0.95247,0.146987,0.558807,0.224841,0.154994,8
0.943229,0.670154,0.304641,-0.728926,1.203659,0.315443,0.464037,6
-0.524138,-0.852843,0.862394,0.345674,0.207608,1.433186,0.732119,8
-0.942994,-0.239541,0.544552,-0.16543,0.738953,0.350006,0.326914,6
0.015497,-0.781693,0.577213,-0.141957,0.309419,0.915539,0.516544,7
-0.778607,-0.816053,-0.299029,-0.815073,3.739188,0.253025,0.70046,6
0.966215,-0.532489,-0.883388,0.895693,2.298586,2.968787,0.33236,7
0.504232,0.368971,-0.097324,-0.937223,1.089025,0.101063,0.94882,5
-0.623153,0.044601,-0.976658,-0.057867,0.368562,0.145003,0.601374,6
0.107167,0.262658,-0.910906,0.584432,0.696125,2.766458,0.724279,5
-0.93367,0.342372,0.168092,-0.485234,1.134532,0.316309,0.109401,7
0.288739,-0.534247,-0.833181,0.809833,2.96379,1.899634,0.775572,6
-0.566825,0.069155,0.702726,0.027205,0.053814,1.155808,0.504061,8
-0.742917,-0.583064,-0.041739,0.174985,3.163813,0.397922,0.665457,8
-0.310378,-0.871035,-0.002441,0.922319,0.954042,0.613468,0.785276,6
-0.693717,-0.786696,0.50851,0.757344,1.127424,0.066685,0.874427,8
0.007673,0.192978,0.15442,0.891389,2.816145,0.305171,0.729378,6
-0.542152,0.689536,-0.965814,-0.513939,0.973091,1.310212,0.405558,6
-0.510585,0.616006,0.653467,0.202211,0.550748,0.446556,0.875241,8
0.930428,0.300865,0.494176,-0.63577,1.763871,1.307326,0.685367,8
0.377029,0.784697,0.491748,-0.247078,1.552701,0.092187,0.523658,5
0.204116,-0.32179,0.468942,0.907301,1.173832,2.196811,0.44856,8
0.619792,-0.20679,0.06072,-0.614461,2.713666,2.285737,0.835944,8
0.98313,0.040891,0.726345,0.518136,0.752957,1.682429,0.380534,6
-0.512418,0.945099,0.733864,0.322922,0.148725,3.861865,0.337951,7
-0.15381,-0.061837,0.639001,-0.576278,1.031128,0.244161,0.601108,6
0.104893,-0.531048,0.44235,0.680438,3.185246,1.818422,0.903001,6
-0.916201,0.504944,0.660594,0.075725,5.416132,0.183502,0.630537,7
0.792306,-0.480083,0.710428,0.514731,1.687869,0.780856,0.689315,7
-0.676599,-0.046822,-0.35125,0.054716,0.184043,0.610471,0.664912,7
-0.225983,-0.608216,0.864695,0.869648,0.732948,0.590373,0.467974,7
0.617545,0.049219,0.166355,0.367838,0.853575,0.302236,0.696089,6
0.083148,0.933785,-0.849739,-0.528757,0.323676,1.585736,0.30803,7
0.081348,0.730319,0.749734,-0.681877,3.154459,0.16587,0.469415,7
-0.366236,-0.791918,0.896387,-0.542996,0.643812,0.63987,0.546075,7
-0.984823,0.542494,-0.154704,-0.842672,0.05126,0.038817,0.799182,6
-0.865247,-0.3245,0.667606,-0.454576,0.804397,2.307124,0.747058,5
-0.234187,-0.451336,0.752086,0.174449,0.038986,0.923095,0.67313,6
-0.595324,0.127994,-0.862916,0.552988,1.068751,0.532259,0.414345,5
-0.443184,-0.855946,0.478947,0.966775,0.191471,0.493626,0.531974,5
0.246258,0.420909,-0.714751,-0.050185,0.755877,1.329457,0.431141,7
0.879974,-0.532286,-0.445747,0.068554,1.050341,0.100223,0.795343,6
-0.100442,0.156198,-0.998515,0.490986,0.687954,2.048457,0.567008,5
0.76779,-0.756245,-0.717949,-0.432332,0.687989,1.344722,0.767823,8
-0.793232,-0.885989,-0.084164,0.025881,0.048917,1.040115,0.724234,7
0.455028,-0.780257,-0.336904,-0.033814,1.225264,0.007493,0.653838,8
-0.560757,0.402078,-0.787697,-0.843115,0.351761,3.127305,0.891401,8
0.535052,-0.751436,-0.214103,0.813939,2.29497,0.592665,0.711703,5
0.590804,0.737821,-0.808437,0.760543,5.626468,1.759373,0.937171,6
-0.456591,0.943379,-0.029402,-0.088881,0.493928,0.596427,0.506359,5
-0.990332,-0.172346,-0.412909,-0.321786,0.407305,0.099506,0.639801,7
-0.13994,-0.580421,-0.977083,-0.446657,1.73544,0.508805,0.867255,6
-0.145971,-0.390144,-0.102414,-0.581496,0.421563,1.219971,0.571664,5
-0.338095,-0.80597,0.010287,0.815293,1.393409,1.960398,0.369864,6
-0.083694,0.700091,-0.488441,0.379628,0.030238,0.41139,0.286113,8
-0.356433,0.952948,0.143314,0.655417,3.688172,2.389158,0.572353,7
0.830245,-0.533995,-0.495105,-0.566157,0.462602,1.771602,0.661118,5
0.035333,0.094641,0.108479,0.898523,0.499653,2.864071,0.758124,7
-0.79321,0.603862,-0.471124,-0.435572,1.021142,0.024914,0.438287,8
0.155608,-0.947069,0.873711,-0.636653,0.06028,0.58895,0.480746,8
0.876401,-0.556677,-0.850841,-0.457995,0.104132,0.360775,0.69195,8
-0.323617,0.385919,0.977938,0.191084,0.676943,2.204786,0.638939,5
0.174539,-0.526947,0.115035,-0.159401,0.065658,1.090309,0.903708,6
-0.249843,-0.543694,0.097122,-0.409524,0.578687,0.318348,0.82818,6
-0.812851,-0.184529,0.243775,0.837816,0.733041,1.008422,0.584237,6
-0.996089,0.889889,-0.906123,0.710538,2.529003,0.536423,0.644565,6
-0.562922,-0.355827,0.127348,-0.482643,3.494834,0.814898,0.704942,5
0.854579,-0.38411,0.968486,-0.826207,1.306844,1.121406,0.521884,5
-0.916969,-0.562508,-0.644886,0.50906,0.58928,2.368386,0.753074,6
-0.016341,0.366496,-0.542647,-0.331752,0.629161,0.036032,0.540485,8
0.223446,-0.616031,0.854004,-0.269799,1.60078,2.968727,0.643404,5
-0.619975,0.094162,-0.13627,-0.259259,3.255258,0.212564,0.397316,7
0.435929,0.437917,-0.091856,0.43845,0.822695,2.487822,0.600934,6
-0.783439,-0.533346,-0.348801,-0.945819,0.009094,2.484802,0.640103,5
0.557789,-0.931817,-0.777736,-0.229088,0.039628,0.102355,0.798938,7
-0.622773,-0.467831,-0.29312,0.079824,0.176124,3.139796,0.178168,6
0.476843,0.929132,-0.403596,0.222502,1.250584,0.810253,0.333512,7
0.496787,-0.208161,0.67598,0.049418,0.576548,0.370771,0.499503,7
-0.286039,0.302975,0.515822,0.079757,0.202469,1.806728,0.715823,7
-0.266048,0.876536,0.057094,-0.25091,0.127058,0.293537,0.482757,6
-0.359031,0.582027,-0.893753,-0.457409,0.469005,0.150787,0.883414,8
0.234159,0.888138,0.299662,0.723382,0.579074,3.127859,0.591196,5
-0.825443,0.911557,0.840597,0.942189,0.088439,1.206425,0.22744,5
-0.246879,0.481149,-0.925795,0.816167,0.895941,0.18493,0.807597,6
0.261777,0.989177,-0.878046,0.347294,1.850222,1.1855,0.334008,8
-0.909397,-0.651362,0.511383,-0.876305,0.119618,3.152851,0.67787,6
0.276868,-0.318848,0.180314,0.305993,1.339049,0.039647,0.70844,7
-0.077524,0.63298,-0.082052,0.617777,0.070364,1.612212,0.703986,5
0.84879,0.080675,0.155871,-0.028393,0.964136,0.671648,0.532232,5
-0.173451,-0.230619,-0.097403,0.690576,1.611444,0.954195,0.741595,8
-0.622645,-0.154891,-0.172739,-0.186687,1.790286,3.126313,0.586763,7
-0.361377,-0.126557,0.796364,-0.725892,0.085643,1.535946,0.87591,8
0.984413,-0.115152,-0.356337,-0.114418,1.466715,4.03558,0.105743,5
-0.670858,-0.231277,-0.842428,-0.38156,1.238793,0.212251,0.829435,6
-0.051027,0.381317,0.106576,0.679767,2.353735,0.485125,0.940773,7
0.109548,0.617022,0.978222,-0.702654,1.406271,0.487817,0.64695,8
-0.350952,-0.179081,-0.665657,-0.348765,0.277721,7.89342,0.834494,7
-0.409304,0.518413,-0.630758,0.679928,0.738681,0.569745,0.917027,7
0.955727,-0.495189,0.981818,-0.840734,4.227585,1.694841,0.254462,5
-0.01278,0.004476,0.05684,0.336589,0.063661,1.275257,0.463349,7
-0.237198,0.018852,-0.766253,0.467314,0.304057,1.011552,0.930794,6
0.42591,-0.594238,0.800344,-0.504395,2.963854,0.292746,0.757624,5
-0.267542,0.181795,0.041368,0.321139,1.075616,1.381722,0.245429,6
-0.354109,0.401647,-0.706234,-0.283347,0.438467,1.270447,0.35924,8
0.642011,0.422839,-0.945534,0.927618,0.513474,1.931719,0.715435,8
0.834539,0.516639,-0.027368,0.670564,0.954935,1.480598,0.461024,8
-0.606953,0.51909,-0.674426,0.45927,1.313109,0.246684,0.775418,7
-0.575172,-0.399293,-0.8164,0.381494,0.039323,0.492297,0.599561,7
-0.630134,0.370595,0.095074,0.53435,3.997818,2.085706,0.74451,8
0.287285,0.45465,-0.922961,-0.318761,0.021471,2.759563,0.65547,6
0.482658,-0.170348,0.03282,-0.4805,0.099591,0.317977,0.673938,5
0.442239,-0.854382,0.731034,0.777478,1.003465,0.158874,0.727027,6
-0.357838,-0.165382,0.801045,-0.859768,1.289211,0.283264,0.670267,6
0.721239,-0.18583,0.967703,-0.60553,1.645845,1.261733,0.439254,7
-0.769847,-0.964585,0.430274,-0.862174,0.485272,1.05324,0.761728,6
-0.986567,0.611351,0.646331,-0.311835,1.427207,0.80733,0.304531,5
0.679289,0.590244,0.575799,0.644833,0.306656,0.418648,0.94485,5
-0.646477,0.235953,-0.002609,0.760729,1.688016,1.155204,0.648149,5
-0.011527,0.479309,0.164845,-0.235779,2.025527,0.057207,0.796993,5
0.415175,-0.645074,0.34196,0.976527,0.825987,1.195292,0.443023,7
-0.277587,0.088534,0.570428,0.12981,1.099329,0.313916,0.643037,6
0.786705,-0.275737,0.882991,0.021376,0.026236,0.202387,0.816473,5
-0.271414,-0.181914,0.734131,0.99409,0.255525,1.607512,0.9035,6
0.694098,-0.132418,0.922187,-0.215756,0.256987,0.902979,0.91254,5
-0.424706,0.686227,-0.180737,0.692236,0.750662,0.794719,0.821774,5
0.967565,-0.54112,0.686196,-0.734465,2.370013,0.996497,0.913178,5
0.339549,-0.684196,-0.66671,-0.507004,0.102784,0.81366,0.534445,5
0.217102,0.362189,0.144754,-0.87051,0.817098,1.068067,0.660706,8
0.727233,-0.248958,-0.506361,-0.551265,0.745064,0.77321,0.758421,7
0.147244,-0.975958,-0.372803,0.845021,3.491372,1.108493,0.368301,8
0.974097,-0.354887,0.758263,0.149332,1.784856,1.300064,0.451291,8
0.546873,0.83416,0.332897,-0.80671,0.203578,1.014656,0.851524,5
0.982688,-0.293024,0.57056,0.302388,0.307986,0.060249,0.767124,8
-0.426996,-0.269308,0.634703,-0.370996,0.063132,1.362002,0.702253,7
-0.207979,-0.984556,-0.451973,0.635799,0.082854,0.714661,0.516244,6
0.63309,0.370708,-0.240359,-0.905955,2.173194,0.738693,0.42517,6
-0.488541,-0.61631,-0.109854,0.016882,0.234748,0.526358,0.510723,8
-0.60353,-0.767041,0.990736,-0.822751,0.852627,1.324957,0.763824,8
0.020896,-0.520103,-0.896238,-0.726584,0.511042,0.409909,0.603281,5
0.336708,0.170006,-0.524189,-0.798893,0.826549,1.915457,0.214534,7
-0.933497,0.770931,0.493865,0.696846,0.779089,1.094444,0.486994,5
-0.03175,-0.987785,-0.158038,-0.181167,1.449879,2.21551,0.950485,7
0.043965,0.453392,-0.027702,0.162391,0.729936,0.02393,0.713101,6
-0.638279,0.368323,0.080314,0.371442,0.074688,0.574248,0.66625,6
0.732908,-0.117431,0.30438,-0.501192,2.431052,1.196351,0.635054,8
0.477111,0.823797,0.978852,0.777131,4.376525,1.136489,0.582876,6
-0.886866,0.041984,-0.550208,0.96315,1.277862,2.1006,0.842641,8
-0.161294,-0.961743,-0.11375,0.855291,0.733574,1.586078,0.159482,7
-0.002222,-0.548035,-0.056778,0.40647,1.03538,0.633093,0.50293,6
-0.640714,0.174269,0.038517,-0.43526,0.076183,0.315082,0.819758,6
-0.208758,-0.870179,-0.366803,0.05956,1.601764,0.818257,0.843027,8
-0.713943,0.331405,-0.794985,-0.300222,0.379672,4.894544,0.497143,7
-0.344478,-0.589099,-0.514878,-0.282924,2.158953,4.611686,0.667665,5
-0.354902,-0.075675,-0.294959,-0.515493,1.860931,0.57334,0.71765,8
-0.097087,-0.747293,0.258375,-0.037961,0.980078,0.786129,0.763401,6
0.957694,0.908174,0.6919,0.154819,0.735767,0.020343,0.756317,7
-0.857137,0.926819,0.830187,0.957819,0.577733,2.258642,0.694113,7
-0.898737,0.579224,-0.479013,-0.838619,0.327046,2.47945,0.244696,6
-0.042777,0.574023,0.205047,-0.055454,0.174914,1.589672,0.53797,7
-0.206217,-0.189367,0.787715,0.312934,0.263823,0.323438,0.913887,6
-0.038162,-0.60827,-0.941946,-0.942882,1.445697,2.179102,0.897199,6
-0.250409,0.029033,-0.645232,-0.05894,1.269023,0.606707,0.376053,7
-0.056893,0.378865,-0.581717,0.571757,4.868025,0.402051,0.724146,5
-0.729157,0.766127,0.000346,-0.280034,0.592837,0.453949,0.667509,5
0.348336,0.191769,-0.352442,0.158749,0.703187,1.495904,0.911232,8
0.365632,-0.960004,0.249013,0.443889,0.438106,2.899114,0.445621,7
0.301311,0.442792,-0.388944,0.040846,0.551708,2.071946,0.214861,7
-0.884503,-0.376956,0.96619,-0.135671,0.583117,3.492024,0.527891,5
0.519355,0.411382,-0.822363,-0.855436,1.482688,1.161072,0.768782,7
-0.404021,-0.036866,0.152121,-0.162558,0.954667,0.165135,0.592911,6
-0.778222,-0.898738,0.964768,-0.853908,0.18957,0.924662,0.520035,7
0.601735,0.947988,0.425571,0.9239,0.610076,2.572651,0.602247,7
-0.788231,-0.893662,0.622822,0.244697,0.458221,0.511242,0.516802,6
-0.105579,0.227026,0.565116,0.552328,2.820692,1.356347,0.636363,8
-0.487352,-0.659474,0.357188,0.534976,0.799041,2.763666,0.64908,6
0.483963,-0.063447,-0.167772,-0.429036,0.029426,0.477706,0.860657,8
0.109518,0.253615,-0.257596,0.429548,0.806113,0.625302,0.493391,8
0.749052,-0.472514,0.913443,0.099946,4.133648,0.211291,0.923216,8
-0.68342,0.536839,0.572407,-0.880772,0.061075,0.112545,0.698632,7
-0.799668,0.071635,0.729502,0.077846,3.305726,1.641791,0.648929,8
0.251438,0.92508,0.67732,-0.992784,0.933634,3.378379,0.320293,8
0.106268,-0.693928,-0.939256,-0.344942,0.707835,0.30549,0.639866,7
-0.608304,0.32414,-0.280729,-0.903888,1.236529,1.271753,0.549913,7
0.85895,0.064884,-0.775085,0.217155,1.249965,0.951843,0.861374,5
-0.995467,0.440643,0.729362,0.045475,1.147325,1.08068,0.635994,5
0.667816,0.228292,0.096623,0.046682,0.564735,2.614089,0.229512,8
-0.280941,0.535143,0.310031,-0.79296,0.78426,2.846341,0.882025,6
-0.803148,0.141796,0.015166,0.318873,0.12459,0.337544,0.674357,7
-0.831142,-0.728865,-0.993723,-0.167228,2.432953,0.191369,0.791585,5
-0.461551,-0.037041,-0.216245,0.451132,1.229016,2.23357,0.795848,7
0.550746,0.854471,0.282029,0.175414,0.183411,1.575131,0.608767,7
0.668092,0.887478,-0.098982,-0.261436,2.730513,3.848952,0.383793,5
-0.268182,0.203953,-0.75474,-0.573602,0.203563,0.698751,0.690469,7
-0.256788,-0.818151,-0.070017,0.708173,0.451398,1.152236,0.616933,5
-0.414962,-0.236311,0.879748,-0.417671,3.268376,0.077069,0.595577,6
-0.46895,0.153294,0.654732,-0.827648,0.367601,0.036589,0.863155,7
-0.812007,0.254265,-0.615183,-0.870563,4.899228,0.15473,0.879356,6
0.521108,0.844311,-0.402467,-0.452635,0.165554,0.248396,0.409132,6
0.188532,0.78153,-0.8065,-0.902653,3.437971,0.86533,0.881749,8
0.683287,-0.688297,-0.791085,-0.944477,0.657584,1.548546,0.373155,7
0.480584,-0.657139,0.058706,-0.900454,2.693752,1.202361,0.310385,8
-0.873356,-0.320813,0.792618,-0.594473,0.090564,0.927276,0.673671,5
0.44465,-0.407091,-0.187712,-0.652609,0.101528,2.558053,0.366355,8
0.021229,-0.76765,0.622431,0.484032,0.146636,0.547929,0.798557,6
-0.041293,-0.292036,0.657926,0.364788,2.398232,2.268735,0.579098,6
0.729832,0.811368,0.220874,-0.22223,0.384964,1.435879,0.893879,7
-0.628612,-0.378127,-0.473351,0.499946,0.40286,0.320085,0.487213,6
0.572258,-0.574787,0.623831,0.573058,1.008354,1.593446,0.253693,7
-0.586987,0.769932,-0.485923,-0.512264,0.802561,1.279235,0.927944,8
0.466205,-0.606691,-0.344812,0.049254,0.092686,0.624486,0.442153,8
0.867921,0.53135,-0.643489,-0.375941,0.722834,2.101413,0.792682,7
0.685276,-0.550075,-0.518517,-0.966369,2.52461,1.039189,0.76719,6
0.251766,0.612902,0.988945,0.631138,1.20595,2.690244,0.459386,8
-0.383322,-0.874938,0.360005,0.935682,1.758875,0.566967,0.188552,5
-0.126743,0.342207,0.720796,-0.09377,0.544345,0.35954,0.352657,7
0.310093,0.43539,-0.611247,-0.916686,0.198078,1.295143,0.71931,7
0.920173,-0.067101,0.64436,0.365423,1.652331,1.394309,0.71895,7
0.917401,-0.222068,0.195608,0.482356,0.424929,0.747738,0.288205,7
0.018775,0.626819,-0.603038,-0.617005,0.23407,1.708674,0.575912,6
-0.170526,0.190546,0.357799,-0.2794,1.361177,5.939241,0.614156,6
-0.727586,0.119147,0.131377,0.137182,1.245874,0.441773,0.668279,6
0.206976,0.059256,0.46215,-0.900068,0.121427,0.162963,0.307943,5
-0.870751,-0.929195,-0.44031,-0.958202,0.355446,0.05277,0.399884,6
-0.015773,-0.85596,0.533415,0.307923,0.106556,0.903823,0.390338,5
-0.746761,0.770842,-0.086076,-0.092551,1.465122,1.788227,0.77354,8
-0.572429,0.46971,-0.335992,0.188764,0.303999,0.264716,0.27217,6
0.671285,0.883345,0.313443,0.842597,0.355917,1.345721,0.538252,6
-0.810209,0.248991,-0.59924,-0.916729,2.172511,0.610482,0.664216,6
-0.802018,0.255102,-0.692192,0.097243,0.96999,1.711764,0.326642,6
0.064161,-0.893074,-0.413266,0.508576,0.278689,0.1415,0.673431,5
-0.314694,0.080749,0.709936,-0.732696,0.646107,0.87624,0.759785,5
-0.05619,0.029363,-0.660475,-0.772739,2.320368,1.350902,0.557401,6
-0.858826,-0.041321,-0.67824,-0.414166,0.461569,0.003679,0.788356,5
0.559533,0.716914,0.97834,-0.253262,0.422663,0.263636,0.834496,6
-0.325697,-0.952532,0.531887,-0.878016,0.380321,0.778545,0.536475,8
0.580405,0.944313,0.684748,-0.328393,2.372236,3.664682,0.708923,5
-0.23217,0.007123,0.191516,0.639521,0.584738,1.478096,0.264247,5
-0.209117,-0.945266,-0.196079,0.97092,0.94926,0.708688,0.694983,5
0.804714,-0.159477,-0.865444,-0.891026,0.343777,0.75472,0.854592,7
0.429338,-0.55945,-0.026655,0.046531,0.909265,0.129029,0.533578,8
0.726434,-0.957213,0.754701,-0.50131,0.095846,0.493763,0.73996,7
-0.036931,0.333407,0.898876,-0.625215,0.248751,0.058869,0.056073,5
0.985342,-0.295512,0.924491,0.71844,0.314643,0.003953,0.365103,6
0.768144,0.597611,0.794542,0.786849,0.083534,0.703935,0.088162,8
0.781142,-0.121958,-0.954646,-0.146961,3.285082,5.253734,0.715781,8
0.501321,0.848458,0.096727,-0.785164,1.105526,0.180713,0.529446,5
0.895748,-0.072964,0.022452,-0.506212,0.214013,4.115921,0.522767,7
-0.822383,-0.562393,-0.318616,-0.314768,3.426775,0.940824,0.863728,6
-0.317155,0.526393,0.520131,-0.034979,1.71953,0.34204,0.333836,6
-0.607713,0.709788,-0.185236,-0.791469,2.174503,0.612986,0.832837,5
0.098819,-0.183719,-0.490845,-0.088177,0.014653,0.316944,0.901819,6
0.35115,0.313655,-0.330222,-0.034371,0.176486,0.716911,0.805873,5
-0.868084,-0.636376,-0.323874,-0.219515,0.141783,0.386855,0.402605,5
0.5398,-0.320671,0.261126,0.684261,0.228435,1.209849,0.487988,8
-0.990358,0.032766,-0.646268,-0.939758,0.540506,1.140652,0.492899,6
-0.932421,-0.459398,-0.727122,-0.958059,0.078752,0.38698,0.520626,8
-0.004936,-0.875249,-0.346509,0.091782,1.694211,0.307713,0.804707,8
-0.486561,-0.981775,0.541702,-0.148006,0.578911,0.25204,0.415682,5
-0.857741,0.759987,0.035392,0.166688,2.527795,0.379339,0.713554,8
0.553619,-0.676258,0.264482,-0.120246,0.650306,2.998876,0.687811,6
-0.697445,0.295367,-0.467179,0.14273,4.5438,0.980096,0.448863,5
-0.273806,-0.314113,0.142885,0.611555,0.12782,0.372906,0.841708,7
0.794943,-0.048594,0.730159,-0.685369,0.690007,3.969408,0.735947,5
-0.820674,-0.131768,0.445422,0.902506,0.586662,0.521306,0.431479,6
0.975449,-0.010958,-0.285095,-0.923101,0.005108,0.84945,0.890734,6
-0.521315,0.758224,-0.802285,-0.499848,1.596735,0.109252,0.2286,6
0.593682,-0.027259,-0.781816,-0.016229,0.580616,0.883922,0.236154,8
-0.430961,-0.344003,0.706507,-0.662059,0.989385,1.347828,0.458962,8
-0.266632,0.129478,-0.705937,-0.767083,0.744732,2.723397,0.644986,7
-0.078043,-0.693646,-0.554024,-0.60666,0.816924,0.096225,0.409963,7
-0.263231,0.233395,0.414169,0.744773,0.682499,2.988913,0.561867,6
-0.360026,-0.061548,-0.414223,0.403881,2.319568,0.748356,0.624062,6
0.023287,-0.266371,-0.761622,0.954504,4.560554,0.444447,0.722775,8
-0.920915,0.446727,-0.004977,-0.3579,0.718748,0.096193,0.791759,5
0.435775,-0.830949,-0.357368,-0.059808,0.665243,0.305036,0.352922,7
0.869481,-0.565458,-0.222369,-0.400467,1.322027,0.504346,0.553359,5
0.269587,0.173703,0.907128,-0.35676,0.219859,2.75615,0.775618,8
-0.660057,0.473037,0.530744,-0.88726,1.846785,1.15038,0.597763,5
0.811339,-0.867763,0.802713,-0.384122,1.097057,0.352976,0.638521,7
0.013498,-0.951111,0.10694,-0.382579,0.519099,0.83602,0.419441,7
0.073777,0.180709,-0.872431,0.979574,1.114292,0.061593,0.482826,6
-0.128419,0.447663,0.952751,-0.727792,0.427749,0.608541,0.882746,8
-0.461348,-0.45003,0.019493,-0.313606,1.957029,2.891551,0.877219,7
-0.503278,-0.270341,0.312209,-0.494344,0.102149,7.451508,0.660875,5
-0.274508,0.504342,-0.48928,0.951162,0.207145,1.91995,0.867644,7
0.963769,-0.152496,-0.298767,0.824512,0.511285,0.122166,0.195243,8
-0.779769,0.318374,0.52812,0.463324,1.135363,1.896555,0.246822,8
0.889408,-0.184476,-0.945284,-0.829883,0.475436,0.542809,0.126072,5
-0.437876,0.226446,0.656325,-0.164059,1.167859,1.591392,0.867377,8
-0.634599,-0.389823,-0.056834,0.560232,0.62103,2.587307,0.292228,6
0.590725,0.722731,-0.467117,-0.926246,0.782706,0.469822,0.648004,8
-0.783874,-0.549094,0.976777,-0.908654,0.349675,1.618798,0.609668,8
-0.0277,0.797663,0.701463,-0.096967,1.815384,1.954819,0.577314,7
-0.751832,0.876418,-0.716613,-0.207612,0.636762,3.333389,0.667139,8
0.603704,-0.484905,0.875233,-0.166288,1.416101,0.511507,0.866283,5
-0.113212,-0.82234,-0.140889,0.578117,0.788089,0.421889,0.353336,5
-0.739497,-0.555124,0.256861,0.327332,1.382967,0.146459,0.816614,8
0.92905,0.486264,0.179402,0.677449,0.020764,0.536575,0.355226,7
0.409221,0.113231,0.771183,0.85611,0.341329,1.478731,0.600424,8
-0.419099,0.61724,0.587397,0.486465,1.906508,2.165786,0.916789,6
-0.070175,-0.495315,0.644923,0.282481,0.130821,0.224841,0.887765,7
0.226255,0.058719,-0.614962,0.18411,0.134204,0.884172,0.749339,6
0.379663,0.138495,-0.833815,-0.410112,0.121052,1.689149,0.703598,5
0.518576,-0.417864,-0.620337,0.058594,2.227818,3.510461,0.453045,6
-0.730927,-0.67257,-0.248893,0.144956,1.294284,1.410268,0.459901,5
0.812734,0.609663,-0.115921,-0.510073,0.160171,2.17121,0.856388,8
0.32963,0.584184,0.844327,-0.719949,3.470845,0.793966,0.651638,5
-0.485575,0.193214,0.275015,0.309533,0.119405,1.046325,0.734302,5
0.542976,-0.856065,0.198101,0.094729,4.181605,1.231338,0.412748,7
0.405267,-0.523036,0.000925,-0.06836,0.09475,0.613241,0.776386,6
0.406563,-0.223776,-0.288745,0.741461,0.477566,0.410843,0.575214,7
-0.386479,0.711353,0.474728,0.183114,0.686428,1.141752,0.424683,6
0.911937,0.624879,-0.415022,0.05369,0.468129,1.224234,0.785907,6
0.741952,0.170253,-0.779215,-0.670785,3.195225,2.178552,0.541243,6
0.802313,-0.112562,-0.841695,-0.726016,0.687441,0.486056,0.880773,8
-0.74951,0.167143,0.055232,0.172395,0.289786,0.366351,0.667891,5
-0.678739,0.064695,-0.847032,0.85002,1.837707,0.336237,0.738766,7
-0.115447,-0.987601,-0.956792,-0.853062,0.457106,2.080848,0.74798,6
0.488075,0.130064,0.593636,0.15902,0.27507,3.296749,0.203918,6
-0.503973,0.692652,-0.288547,-0.273093,0.425044,1.477637,0.607128,8
0.206646,-0.740482,-0.718334,0.819263,1.253685,0.096887,0.425295,8
-0.669516,0.16378,-0.18056,0.379128,1.699416,0.309759,0.305157,5
-0.613328,0.908448,0.937566,0.91491,0.588493,0.37127,0.548544,7
-0.874507,0.347872,0.383077,0.978051,0.391456,0.180196,0.86472,6
0.269394,-0.263951,-0.797319,0.136134,0.729539,1.158295,0.361656,6
0.898697,-0.295514,0.630399,-0.862335,0.403196,1.329292,0.609215,7
-0.321673,0.66476,-0.950004,-0.2904,1.779542,2.030889,0.580727,6
-0.084367,-0.862271,-0.195192,0.243787,0.776305,2.017128,0.707657,5
0.606199,-0.4447,0.47962,-0.200153,0.189824,0.190067,0.712409,5
-0.338543,0.218753,-0.498389,0.821721,0.600747,0.671181,0.356845,7
-0.720027,-0.257243,0.427098,0.388554,1.132948,2.24772,0.691388,7
0.28312,0.277118,-0.855376,0.301793,0.598707,1.426218,0.554989,5
0.132745,-0.087384,-0.432603,0.101699,0.795995,0.106045,0.778375,7
0.003732,0.574955,0.458578,0.679865,1.850767,0.078192,0.455821,6
-0.831128,-0.269762,-0.676317,-0.646274,0.628339,1.132519,0.403399,6
-0.177044,-0.329508,-0.97094,0.296301,0.063739,0.41719,0.561355,7
-0.894149,-0.164517,0.776463,0.265124,1.210275,0.387527,0.246805,8
0.880543,-0.490556,-0.57663,-0.780555,0.70826,0.647249,0.761567,8
0.547409,-0.04053,-0.319375,-0.431077,0.13776,0.461177,0.517737,5
0.465298,-0.772116,-0.189174,-0.356085,0.670945,0.109456,0.860748,8
0.637551,-0.189764,-0.581016,0.057913,1.512128,0.842069,0.856915,7
0.588181,0.783115,-0.873627,-0.03534,1.305308,0.350732,0.472369,6
0.618049,-0.32566,0.639584,0.533733,0.090875,3.389369,0.451752,7
0.717972,-0.831429,0.41366,0.548037,4.700694,0.015478,0.95342,8
0.891472,-0.687233,0.165228,-0.305965,1.332655,2.327344,0.876124,5
-0.152933,-0.823549,0.840466,0.487153,0.298575,2.070818,0.814089,7
-0.752339,-0.910115,0.841688,0.299085,0.522265,0.161001,0.658216,6
-0.370807,0.121156,-0.19422,0.320401,0.229916,0.273606,0.74567,7
0.917269,-0.099521,-0.796104,-0.704076,0.069005,0.172137,0.736991,8
0.952033,0.884638,0.314814,-0.631147,1.358956,0.943086,0.517829,7
-0.19336,0.50717,-0.641931,0.988758,5.411552,0.06349,0.414255,5
-0.887697,-0.374811,-0.898561,0.879813,0.062312,0.165517,0.590926,7
0.442272,-0.240277,-0.140585,0.799446,1.018827,0.393308,0.276512,7
0.743214,0.434902,-0.148114,0.695704,0.235083,1.152016,0.531139,7
0.886829,-0.972279,-0.839185,0.051654,0.228187,0.484762,0.543522,7
0.75758,-0.449576,-0.406313,-0.645064,1.7712,0.910739,0.425142,7
0.129246,-0.391375,-0.621558,0.615946,0.637495,1.677857,0.801265,7
-0.913034,-0.643959,0.378309,-0.244356,0.532266,0.880682,0.336806,5
-0.440902,0.465943,0.220527,-0.200217,0.427257,0.638623,0.696441,5
-0.969674,-0.142896,-0.149695,-0.151336,0.53481,0.564996,0.387431,8
-0.120599,-0.982294,-0.169034,-0.398108,0.286471,1.066116,0.629451,8
0.448568,0.797911,0.706627,-0.839992,0.61193,0.122857,0.345916,8
0.276592,-0.107469,0.276164,0.527409,0.471333,1.691746,0.421746,8
0.071905,0.281266,-0.517281,-0.145495,1.03217,0.273296,0.699528,7
0.473933,0.327935,0.927479,-0.286388,1.492564,1.230363,0.332391,5
0.803445,-0.748,0.550389,0.589773,1.233227,2.172234,0.780035,5
-0.646047,0.304183,-0.844812,0.266561,0.262431,0.074675,0.189887,5
-0.079926,-0.184048,0.092187,0.572654,2.034401,0.778736,0.931545,7
0.550568,0.022061,-0.972007,-0.372436,1.699818,1.55932,0.675836,5
-0.094371,-0.045387,0.375124,0.597564,1.583132,1.429922,0.245756,7
0.215546,-0.237066,-0.106071,0.428513,0.096226,1.372409,0.921851,6
-0.318692,-0.609769,-0.147633,-0.128984,0.158978,0.690844,0.687343,7
-0.405946,0.410069,0.358672,-0.709765,0.537722,0.157398,0.670627,6
-0.984459,-0.045108,-0.44921,0.140639,0.074446,0.013184,0.570404,6
0.459129,-0.917165,-0.703493,0.162072,1.791301,1.216284,0.505798,7
0.667017,-0.204703,-0.658006,0.158897,0.482793,1.178148,0.553302,6
0.369881,-0.543403,-0.56756,-0.326119,0.487729,0.103949,0.158601,8
0.734003,0.077848,-0.062481,-0.299185,0.358097,0.256977,0.594138,5
-0.595268,0.463994,0.15764,0.155506,1.647559,0.815077,0.542782,7
-0.214769,-0.473205,0.227295,-0.516255,1.535905,0.159185,0.749602,8
0.679035,0.96362,0.76798,-0.593791,0.525427,1.805848,0.338931,5
-0.419257,0.488655,-0.863128,0.808094,0.086699,2.946402,0.806932,7
-0.701478,0.253657,-0.151093,0.786527,1.91153,4.467471,0.686338,5
-0.964066,0.279963,-0.845342,-0.700363,0.672982,3.526125,0.634073,5
0.603246,0.05479,-0.803067,-0.059705,1.45938,0.338803,0.359685,5
0.895376,-0.075551,0.857954,0.177817,1.034397,2.858328,0.769785,7
-0.104257,-0.23881,-0.703619,0.604989,0.544736,0.258913,0.708121,7
-0.272438,-0.301521,-0.919181,-0.221755,0.784577,1.897803,0.34589,8
-0.964647,0.399501,-0.935609,0.848094,1.356012,2.168402,0.735272,6
-0.560743,-0.096049,-0.037976,-0.951267,2.029208,0.83819,0.407735,6
-0.271504,0.635054,-0.728575,0.839156,1.12804,0.223455,0.389675,6
-0.476878,0.203756,-0.106149,-0.84077,3.279416,1.047626,0.185,6
-0.016898,0.745804,0.964954,0.810582,0.148649,0.137905,0.791527,8
-0.577417,-0.622827,-0.22762,-0.65063,0.355991,1.59304,0.402274,7
0.026492,-0.745275,0.646414,-0.085853,0.056703,0.247376,0.333691,8
0.823072,0.484707,0.100391,-0.683621,0.235409,1.116565,0.741391,5
0.08249,-0.219163,0.665533,-0.37842,0.958029,0.091025,0.788435,5
-0.885909,0.769833,0.379109,-0.828351,3.203601,1.839199,0.780426,8
0.258846,-0.812392,0.542138,0.863112,2.306588,1.686471,0.526199,7
-0.355151,0.269003,-0.521526,0.940146,0.108961,3.354916,0.389418,8
-0.023321,0.687202,0.433992,0.994893,0.867462,1.520334,0.359814,8
0.732224,-0.921649,0.051203,-0.851365,1.404683,0.213811,0.751531,6
-0.179554,-0.645789,-0.986537,0.747502,4.888384,5.412638,0.618637,7
0.555892,0.425793,0.254086,-0.786707,0.728494,0.53237,0.414894,6
0.727656,0.994188,0.691253,-0.957181,1.148287,2.255168,0.749545,8
0.243395,-0.515787,0.517763,0.446123,0.061297,1.033862,0.650584,6
0.605921,0.384631,-0.717739,-0.894811,0.189905,3.057561,0.230493,8
0.802416,0.507473,-0.508494,-0.957156,4.515563,3.056047,0.645559,7
0.981651,0.921222,0.500041,0.162559,1.224041,1.745045,0.535448,6
-0.010026,0.648175,0.189616,0.432614,2.507042,0.112138,0.361184,6
0.10516,0.970043,-0.336955,-0.333663,0.109548,0.777377,0.394088,7
-0.921246,-0.743535,0.258319,-0.524597,1.847565,0.336038,0.857224,7
0.532282,0.758803,-0.214032,-0.984923,0.573774,0.078786,0.423356,5
-0.296143,0.859427,0.89151,-0.1796,2.72827,1.016991,0.941746,5
0.984739,-0.42419,-0.953431,0.004077,1.117157,0.412541,0.854965,7
-0.055368,-0.701977,0.219975,0.244164,2.539607,0.716734,0.952357,7
-0.683069,-0.393501,-0.68896,-0.862144,0.045419,0.725644,0.318036,7
0.938948,-0.907734,-0.895181,-0.787746,0.106618,1.444927,0.590338,7
-0.155859,-0.015765,-0.124128,-0.016303,5.174359,1.374545,0.566561,8
0.438128,0.307229,-0.281623,-0.792432,0.553054,1.373578,0.433813,7
-0.646038,0.927162,-0.728969,-0.564091,0.71699,1.296337,0.75066,7
0.885024,-0.77251,0.149893,-0.257487,0.902652,0.914236,0.680229,8
0.111628,0.09496,-0.287607,0.716945,0.171732,1.415591,0.67451,6
0.50809,0.781617,-0.90331,-0.569251,0.265311,0.030425,0.68936,6
0.263173,0.390044,-0.405973,0.734034,0.288323,1.376539,0.705153,7
0.789932,0.202736,0.949891,0.312936,0.70621,0.438399,0.652356,5
0.749869,-0.613088,-0.252408,0.347185,1.730063,0.730459,0.772609,7
0.825492,0.185756,0.144697,0.61622,1.56411,2.064987,0.693748,6
-0.040433,0.741182,0.688423,-0.439017,0.567932,0.207524,0.121163,6
0.576419,-0.603644,-0.996671,0.680581,0.044043,8.52783,0.502473,6
-0.562662,-0.892393,0.482046,0.153748,1.718997,3.941357,0.6386,8
0.058837,0.689391,0.068461,0.33971,0.413707,2.589294,0.821315,5
0.867255,-0.206241,0.102234,-0.291593,1.739716,2.741227,0.329941,6
-0.404169,-0.968352,-0.217013,0.512683,0.17791,0.010638,0.388275,7
-0.12562,-0.414049,-0.961245,-0.775581,2.42929,1.073031,0.379744,5
0.756999,-0.411533,-0.164473,-0.385147,2.037675,1.401485,0.602305,5
-0.98008,0.367248,0.935545,-0.207023,0.219303,2.534597,0.218832,8
-0.85603,0.03772,0.508174,0.205585,2.81356,2.817434,0.83657,5
0.565874,0.388219,0.116083,0.652711,0.37092,0.566943,0.947683,5
0.40832,0.748416,-0.021194,0.590002,0.068975,1.147194,0.710882,6
0.51067,0.651592,0.633688,0.380621,0.399902,0.266588,0.779668,5
-0.759764,0.064727,0.937887,0.116798,0.054974,1.525919,0.46543,7
0.378254,0.874324,-0.777489,0.463754,0.849952,0.003276,0.502838,6
-0.583055,-0.92618,-0.943884,-0.139395,0.956809,5.26154,0.720377,8
-0.467249,0.752767,-0.596447,0.482736,1.641927,0.193616,0.47244,5
-0.398264,0.358926,0.654845,-0.405569,2.021086,1.794822,0.237989,7
0.057369,0.990729,-0.661624,-0.597077,0.628237,0.09203,0.389951,7
-0.976305,0.27527,0.475567,-0.497764,0.793024,0.386873,0.31742,6
0.309186,-0.67804,0.852333,-0.947707,0.122668,0.22208,0.470976,6
