"lread","lwrite","scall","sread","swrite","fork","exec","rchar","wchar","pgout","ppgout","pgfree","pgscan","atch","pgin","ppgin","pflt","vflt","runqsz","freemem","freeswap","usr"
6,2,1036,103,114,1,1,172076,355965,0,0,0,0,0,2,4,73.6,89,2,6527,1851864,90
1,0,2165,205,101,0.4,1.2,43107,44139,4.8,42.2,75.8,181.4,0.2,85.4,88.2,19.4,161.8,3,130,1131931,88
62,77,3806,258,166,1.4,1.4,492142,268706,4.8,19.4,44,79.2,2.2,7.6,12.2,68,218.8,5.2,256,1314590,85
42,55,3949,249,244,2.6,4.6,197289,529200,4.2,6.8,6.6,0,1.4,1.8,2.2,219.6,297.2,3.4,331,1013805,79
5,1,1692,132,87,0.4,1.8,220194,107031,0,0,0,0,0,3.81,4.01,23.65,42.08,2.2,2291,1010703,92
3,0,635,65,47,3,3,87465,40740,8.6,8.8,8.8,0,0,1.6,2.2,227.6,226.4,1,289,1806587,82
7,5,1341,240,120,0.4,0.6,718437,672290,0,0,0,0,0,7.6,15,42.8,52.8,4.8,2532,1037078,90
159,40,2443,299,262,1,1,240375,209450,0,0,0,0,0.2,18.2,34,80.4,154.6,2.8,536,1069565,87
9,3,1626,106,100,1.2,1.2,261018,111663,0,0,0,0,0.2,10.2,10.2,72.6,134,1,615,1073621,87
11,2,1687,76,115,0.4,0.4,76103,93789,0,0,0,0,0.6,9.22,9.22,42.89,83.57,1,631,1068366,93
6,2,2040,121,112,0.6,0.6,38688,60507,0,0,0,0,0,11.58,14.57,43.91,74.85,1,1201,1111232,92
37,49,4667,673,457,2.6,0.8,262181,220110,0.2,4,6.6,9.2,0.2,3.4,3.4,130.8,212.8,1.4,287,1073834,81
13,12,2859,459,215,0.6,2,652144,585464,0.6,0.6,0.6,0,1,5,5.4,28.6,89.4,3.2,220,1043795,91
24,32,419,41,27,2,2,91694,34919,0,0,0,0,0,2.2,3.4,181.2,160.4,1.2,3733,1819309,83
67,90,1850,131,61,1.2,2.2,40316,23559,0,0,0,0,0,3.2,5.2,78.6,116.8,1.3,694,1020261,90
15,5,1795,343,209,1,1,91247,93705,4.2,24.2,74.8,145.2,1.6,11.2,18.4,69.6,119.8,2,112,1527192,88
4,0,1969,209,200,2.4,0.8,131479,48942,0,0,0,0,0.2,0.8,1.4,125.05,179.36,1.3,1126,1053153,89
10,4,3734,212,168,1.2,1,197813,112160,0,0,0,0,5.99,17.37,19.56,106.99,142.12,2,1446,1110237,87
11,6,4515,185,165,3.79,4.99,85634,65019,0,0,0,0,0,0.4,0.6,276.25,316.17,4.4,890,1537031,76
5,4,1568,68,102,0.2,0.2,42053,30000,3.2,4.2,3.2,0,1.2,7.6,12.4,15.2,102.2,1.5,313,1016542,92
8,3,3942,702,244,1,0.8,463837,166875,5.2,21.2,43,66.8,0.6,20.2,29.4,75.2,237,6.6,159,1295243,83
2,0,457,48,37,2,2,65518,74456,0,0,0,0,0,3,5,187.4,160.2,1,6493,1851952,90
5,0,3300,395,219,2,0.8,133693,89066,0,0,0,0,0,1.8,2.4,112.4,177.4,4.8,2230,1555064,89
0,0,408,62,45,0.2,0.2,1635,17161,0,0,0,0,0,0,0,15.6,16.8,3,626,1711344,98
1,0,2596,211,195,0.2,0.2,299110,67609,8.2,14.4,12.6,0,0.8,1.2,2,16,23.2,2.8,266,1715549,90
1,1,963,90,62,0.6,0.6,91754,14319,0,0,0,0,0,0,0,28.2,38.8,2.2,3125,1707618,96
6,5,1860,128,103,0.6,0.8,118921,56765,19.4,23.2,23.2,0,15.6,2.4,3.4,55.6,90.4,2.2,238,982450,92
3,2,1710,131,122,0.6,1,68306,103547,0,0,0,0,0,2.8,4.2,51.8,89.8,3.2,493,1063110,91
5,0,4901,508,330,2,0.6,165967,155044,0,0,0,0,0,0.4,0.4,96.6,146.4,2.8,2560,1646453,87
13,8,4349,300,191,2.8,3,96009,70467,0,0,0,0,0,2.8,3.2,129,236.8,2.2,772,993909,83
622,543,5572,480,297,1.2,3.8,166930,128473,0,0,0,0,0,12.2,14.6,73.8,197.6,3,527,1061819,73
28,23,6465,408,177,4.2,5,454491,41075,0.4,0.6,0.6,0,0.2,1.8,4.4,285.6,460.4,2.8,437,999322,72
8,2,3309,503,365,4.17,2.78,827279,223918,0,0,0,0,0,2.39,2.39,222.66,334.39,2,747,1112439,81
2,1,253,22,24,0.8,0.8,34552,22677,0,0,0,0,0,2.2,4.4,56.4,63.6,1.2,7091,1846198,96
1,0,1276,29,31,0.6,4.2,47728,9473,0,0,0,0,0,0.6,0.8,28,46.6,2.2,4590,1829136,97
57,55,1123,107,79,0.2,0.2,20746,36718,0,0,0,0,0,1.4,8.2,23.4,34,1.4,941,972674,93
22,15,4679,409,258,2.4,3.2,542748,293954,0,0,0,0,0,8.2,13.6,145,241,3.8,876,1343698,82
38,30,5991,289,193,5.8,6,401075,205417,4.4,9,15.8,21,6.2,6.2,9.4,344.4,664.6,2.3,213,1015771,71
5,3,3786,167,149,1.2,1.2,172744,161033,0,0,0,0,1.8,4.6,4.6,105.2,171,1,700,986394,87
32,42,2331,242,212,4,1.6,158546,34270,2.4,2.4,2.4,0,3,1.2,1.6,218,339,1,205,1023574,83
1,0,1816,155,99,0.8,1,44286,56277,0,0,0,0,0,5.39,5.99,67.66,82.04,1,1259,1048148,90
2,0,4228,206,186,1.8,0.6,84452,45749,0,0,0,0,0,0.2,0.2,96,135,2.2,600,1740986,86
2,1,986,73,54,0.2,0.2,5562,23881,0.6,0.6,0.6,0,0.4,2.6,2.6,12.8,43.8,2.3,217,1013784,96
0,0,255,32,32,0.2,0.2,1430,7410,0,0,0,0,0,0,0,15.6,16.8,1.6,1196,1767021,91
40,11,3402,283,202,2.8,4.2,225184,28672,0,0,0,0,0,1.2,3.4,157.4,279.2,1,1025,1092723,86
55,0,4652,302,223,16.17,36.93,180995,29681,3.39,9.98,22.16,42.51,0,21.16,25.55,628.74,1134.53,1,187,1102798,52
14,4,1575,358,236,2.2,1.8,468846,173574,2.4,2.8,2.4,0,0.8,5.4,8.4,143,268,1,362,1070280,88
2,1,2133,134,90,0.8,1,100812,83681,0,0,0,0,1.2,12.38,21.76,51.9,126.75,1.8,405,987278,89
1,0,1372,66,41,0.2,0.2,17950,17530,0,0,0,0,0,0.2,0.4,66.2,30,1.4,986,1066130,94
9,8,470,129,81,0.2,0.2,291365,51259,0,0,0,0,0,0,0,15.6,28.8,1.2,1302,1760490,96
25,0,3346,198,131,6.21,18.04,211729,48291,2.4,20.64,48.7,193.99,0,23.05,35.47,207.82,405.61,2.7,133,1099542,76
16,14,1363,121,82,0.8,0.6,321356,183286,0,0,0,0,0.6,0.4,0.4,71.2,58,3.2,753,1511563,87
0,0,431,39,72,0.8,0.6,13226,49176,0.4,3.01,7.21,15.03,0,0.6,0.6,37.47,44.89,1,172,1746309,97
0,0,183,38,21,0.2,0.2,255771,228527,0,0,0,0,0,0,0,12.8,16.8,2.8,3652,1819990,97
13,21,324,19,14,0.2,0.2,644,4682,0,0,0,0,0,0,0,15.97,17.56,1.8,1230,1750204,91
13,3,1651,78,60,0.8,3,56684,21286,0,0,0,0,0.6,1.4,1.4,64.4,157.8,1,590,1032789,91
33,43,1613,161,110,0.2,0.2,11850,28651,2,2.8,2.4,0,1.4,4,4.8,18.2,120.4,1,253,1021384,92
9,1,3326,383,177,6.2,19.2,34844,28865,6,26.6,31.8,46.8,0.4,9,10.8,214.6,442,1.5,188,1103072,76
41,32,5200,185,121,2.79,7.19,59209,63458,6.19,7.78,7.78,0,3.59,0,0,179.64,217.76,2.4,209,1623562,80
2,1,174,11,24,0.2,0.2,10271,8797,0,0,0,0,0,0,0,15.6,16.8,1,6442,1871299,99
2,0,534,75,53,2.2,2.2,57506,28455,0.4,0.4,0.4,0,0,0.8,0.8,170.6,157.6,1.2,359,1813328,85
31,38,1145,143,124,3.19,1,81774,6003,0,0,0,0,0,0,0,160.08,226.35,1.6,7313,1860552,92
0,0,159,15,16,0.2,0.2,454,5323,0,0,0,0,0,0,0,15.57,16.77,1,7226,1859904,99
8,0,2956,409,371,3.6,3,254532,197621,0,0,0,0,0,0.6,1,176.6,240,2.8,5037,1672027,86
2,1,3735,279,143,0.4,1,387812,214397,0,0,0,0,0,6.2,12,31.4,86.2,4,3768,1333251,90
11,4,3794,340,304,4,2.2,174498,141499,0.6,1,0.8,0,2.4,26.4,26.8,192,427.4,1.2,466,1079363,80
56,62,1929,146,97,1.8,3.6,319479,97895,8.6,16.8,19,6,0.4,17.6,21.2,130.8,229.8,1.8,553,1085286,82
2,2,1424,133,101,0.2,0.2,210413,16994,0,0,0,0,0,2,3.2,16.2,28.8,2,342,979099,95
23,32,3355,234,111,1.2,3,155241,126756,0,0,0,0,0,2,2,122.8,119.8,5.4,4018,1606019,88
0,0,393,162,57,0.2,0.2,210929,207090,0,0,0,0,0,0.6,0.6,15.6,16.8,2.4,1323,1745669,97
1,0,958,117,45,0.6,0.6,215753,27639,0,0,0,0,0,2.8,5.6,39.8,43.4,2,6280,1845344,96
3,3,1941,427,173,0.8,0.8,658879,844732,0,0,0,0,0.2,0.6,1.2,49.2,69,1.8,635,1045738,88
7,0,3758,508,978,5.8,1.6,233257,87134,0,0,0,0,0,7.4,14.2,273.2,418.6,4.2,981,1705043,79
1,1,857,90,44,0.2,0.2,46735,82746,0,0,0,0,0,0,0,15.54,16.73,1,6709,1818845,96
40,54,844,28,33,0.2,0.2,817,11451,0,0,0,0,0,0,0,15.6,16.8,2,4707,1727696,96
0,0,222,30,22,0.2,0.2,84896,5119,0,0,0,0,0,0,0,22.36,17.17,1.6,7302,1860350,97
4,0,2921,248,205,3.8,1.4,140416,21712,3,5,5,0,0.4,1,1.4,208.8,328.6,3,177,1437750,86
6,4,2573,189,118,0.6,0.6,107287,30575,0,0,0,0,0,11.4,13,31.4,173.4,1.4,1107,975696,90
30,13,3962,617,514,4.2,1.2,326797,265654,2.2,11.4,17.4,42,0.6,10,17.8,221.2,394.4,1.2,191,1082230,79
60,71,2647,289,300,1,3.2,32797,37359,0,0,0,0,0,17.2,17.4,58,100.6,1,505,1101470,88
6,3,1005,63,60,0.2,0.2,134728,76858,0,0,0,0,0,5.6,5.6,33.4,52.2,2.2,1789,1525715,93
10,10,3224,222,100,0.6,0.6,95098,46440,3.99,5.59,4.99,0,1.4,1.2,3.79,27.54,53.89,1.5,211,996805,89
15,1,643,60,19,1.2,1.4,361682,5234,0,0,0,0,0,16.2,31,96.6,147.4,2.2,7005,1876323,93
8,3,4100,391,383,1.2,1.6,259796,75883,0,0,0,0,0,28.4,55.4,100,96.6,2.8,2054,1551126,84
3,0,583,53,68,2.6,3.2,62950,258017,34,62.6,60.6,0,0.4,2.4,2.8,207.6,204.8,1.8,270,1807019,81
132,105,2007,177,139,0.4,0.4,95309,82017,0,0,0,0,0,1.2,1.2,35.2,56.6,1,794,1008800,91
10,6,3249,555,526,2.39,4.38,469560,380797,0,0,0,0,0,0.8,0.8,121.31,181.08,1.4,870,1126010,81
2,0,3099,180,116,0.2,0.2,526898,35032,7.6,8.2,10.6,8.2,0.2,5,5,16,109.4,2.2,198,1080638,91
4,3,1887,144,93,0.2,0.2,48118,58743,0,0,0,0,0,0,0,16.6,17.8,2.4,2097,1720363,95
0,0,2772,148,221,0.2,0.2,95025,96367,8,15.6,13.4,0,0.8,1.2,1.2,15.6,19.2,2,226,1708712,90
64,82,2442,456,192,1.2,0.8,584516,567421,0,0,0,0,0,1,1,98.6,148.6,2,555,1041030,88
0,0,1162,230,83,0.4,1.8,227587,216272,0,0,0,0,0,0,0,34.4,40.4,4.8,2576,1602462,95
1,0,2361,286,183,0.2,0.2,154222,94948,8.78,18.96,52.5,87.03,0.8,2.99,4.99,17.56,132.93,1.5,132,993843,87
26,39,1722,139,114,0.2,0.2,163304,47725,14.6,18.4,18,0,13.4,0.4,0.4,21.6,37,1,229,1016514,91
12,2,2763,366,256,6.2,4.8,310712,49538,0.6,0.6,0.6,0,0.6,3,15.4,309.6,602,1.8,498,1122262,76
3,1,2072,262,241,1.4,1.4,330763,387350,2,12.2,34.6,77,6.8,10,14.4,122,155.8,2.6,137,1374699,87
3,1,3662,256,187,1.8,3.79,360623,160015,19.76,27.35,55.49,95.01,8.38,7.19,10.98,117.17,202.99,3.2,159,989493,80
8,6,2336,206,90,0.4,1,136627,53677,0,0,0,0,0,2.4,2.4,35.2,61.4,5.4,2869,1584662,89
31,27,366,80,62,0.2,0.2,412220,287099,0,0,0,0,0.6,3,5.6,15.6,17.8,3.4,4179,1824024,92
7,2,4133,222,154,1.4,1.4,15783,9833,0,0,0,0,0,1.6,1.8,83,139,2.8,1297,1523251,85
0,0,3896,199,156,0.6,2.79,130609,63759,2.79,4.99,4.99,0,0.8,4.39,4.39,22.95,79.44,2.7,146,983954,88
9,9,383,122,43,0.2,0.2,361823,114595,0,0,0,0,0,0.4,0.4,15.6,17.8,2,1390,1745830,95
7,2,2128,183,166,0.8,2.2,89713,240084,0,0,0,0,0,2.8,3.6,70,109,3.2,406,1527165,90
18,1,5654,1130,1089,5.2,4,967478,900948,0,0,0,0,0.6,4.2,5.8,287.8,429,1.7,740,1055050,72
21,29,1670,28,49,0.2,0.2,19096,28284,2.2,2.6,39.8,65.8,0.6,52.6,52.6,15.6,74.8,2.4,124,1759971,93
2,1,158,8,9,0.2,0.2,7007,3677,0,0,0,0,0,0,0,15.6,16.8,1.2,7739,1880280,99
14,8,5333,193,128,3.58,11.93,46335,36128,0,0,0,0,0,0.4,0.8,275.94,295.43,3.4,997,1530475,75
5,2,3841,194,189,0.8,1.99,12984,96970,0,0,0,0,0,2.98,4.97,44.93,93.44,2,436,1064942,87
1,1,458,21,17,0.2,0.2,8171,5971,0,0,0,0,0,0,0,15.4,16.8,1,8968,1872928,99
5,1,2481,219,153,1.4,3,276794,210452,11.6,16.2,16.2,0,9.4,23.2,51.6,193,231.4,3.8,449,1383576,84
15,12,1664,109,79,1.2,1,62620,31710,5.79,6.39,7.19,3.79,2.59,9.38,10.18,67.86,173.85,5,244,1059291,89
12,3,2857,159,132,1.6,3,126476,116554,0,0,0,0,0,1.4,2.6,92.8,214.2,2.2,2989,1547434,89
0,0,1657,43,29,0.2,0.2,9241,12063,0,0,0,0,0,0.6,1,15,18,2,1050,1762933,92
4,3,2938,148,127,0.6,3.4,18373,38276,0,0,0,0,0,7.8,8.2,25.2,80.6,2,376,994544,91
5,1,1965,207,125,0.4,1,193174,22877,3.8,9.2,16,25.8,9.4,41.8,42.4,31.4,122.8,3.8,172,1085874,91
6,4,1932,66,85,1,0.8,67203,79964,13.6,23,27.8,18.8,6.2,11.8,13.6,91.8,147.8,3.5,165,1128728,90
15,10,3781,346,168,2.4,3.21,307016,76305,3.81,4.21,8.62,18.44,5.21,1.4,1.4,154.91,296.99,5.2,155,1004704,85
18,11,4068,280,140,3,4.6,320517,55276,0,0,0,0,5.8,9.2,32.4,264.4,381.6,1,489,1014958,81
0,0,237,11,24,0.4,0.4,3108,58724,0,0,0,0,0,0,0,34.67,33.47,1,6855,1857699,97
7,4,3338,734,110,1,1.4,2408325,41666,0,0,0,0,0.8,10.2,15.2,82.2,172.2,1.7,2443,1088307,85
3,2,537,22,28,0.2,0.2,11166,12932,0,0,0,0,0,1.8,2.79,16.17,53.29,1,755,1036805,96
21,20,1949,232,153,0.2,0.2,17171,29878,6.2,12.2,12.2,0,0,1.2,1.2,24.6,28.8,1,508,1070658,91
36,55,4085,156,137,0.2,0.2,8149,6247,0,0,0,0,0,1.8,1.8,16,45.8,2.2,794,1447821,94
0,0,367,62,43,0.4,0.6,38562,12342,0,0,0,0,0,1.6,2.4,30.6,41,1.2,710,1753534,96
1,0,443,54,25,0.2,0.2,31996,16345,0.4,0.4,3,7.2,0,0.6,1,16,24.4,3,132,1711738,97
1,1,600,158,41,0.6,1,476298,133721,0,0,0,0,0,3.6,3.6,51.2,68.2,3,6006,1835992,91
11,2,2485,265,147,1.4,2.8,496095,18723,0.6,0.6,0.6,0,1,5.8,8.8,101.4,209.2,1.5,460,1131946,86
15,15,419,189,62,0.2,0.2,322341,310319,0,0,0,0,0,0,0,15.6,17,2.4,5333,1825789,97
2,1,542,89,65,0.4,0.4,2453,16876,0,0,0,0,0,0,0,29.4,40.6,2.2,667,1721728,96
2,1,1125,124,78,0.8,2.4,225895,24254,0,0,0,0,0,0.6,1,80.24,168.26,2,2190,1007462,91
14,3,3542,360,259,3.4,1.2,458811,147720,10.8,19,22.2,16.4,1.4,11,11.4,173.8,342,2,225,1077714,81
17,2,2614,208,113,0.6,1.8,560315,22349,0,0,0,0,0,2.59,3.19,54.29,160.08,1.8,608,1103864,87
5,2,4313,364,218,0.6,0.6,195525,90675,9.6,11.6,15.6,7.6,0.6,3.4,3.8,56,115.2,1.6,170,1066182,85
0,0,1977,256,133,0.6,2.61,225802,37213,1.2,2,2,0,2.81,6.61,8.22,46.49,113.63,2.2,299,1105616,91
1,0,2381,118,119,0.2,0.2,17002,111682,0,0,0,0,0,0.2,0.2,15.6,16.8,2.4,640,1645008,95
8,6,1572,121,123,0.4,0.4,25373,68247,2.79,4.59,4.39,0,0.2,12.18,13.57,30.74,82.04,4.8,360,1101980,93
20,2,3229,197,115,4.8,5.2,270106,85338,0,0,0,0,0,0.2,0.2,253.8,443.8,3.8,1491,1547806,83
51,71,1824,161,118,0.6,0.6,78411,94050,0.6,0.6,0.6,0,0.2,0.6,0.6,44.6,65.4,1.5,302,989306,92
14,12,4004,225,142,0.4,0.4,149008,89163,3.8,7.4,7.2,0,0.4,10.6,13,29.8,70.2,4.6,218,1337400,89
1,0,414,37,34,0.6,1,72460,10038,0,0,0,0,0,8.2,15.8,59.4,96.2,1.4,4024,1779862,90
29,6,2375,146,123,2,3.19,109539,39984,0,0,0,0,0,8.98,9.98,116.57,226.75,1,663,1018837,89
35,51,4033,193,155,0.2,0.2,53695,33261,0,0,0,0,0,10.02,17.84,15.83,83.17,1.5,1038,1081435,89
2,0,3599,227,124,0.4,0.4,247883,214426,0,0,0,0,0,8.2,12.8,32.8,70.2,3.8,4180,1344790,91
12,0,4951,579,495,9.4,4.4,329231,42171,0,0,0,0,0,0.4,0.4,462.2,711,2.2,984,1056850,69
2,0,1567,133,137,0.2,0.2,41338,73068,0,0,0,0,0,1.6,2.4,18.8,23.6,2,6175,1727312,96
26,7,3681,262,137,1.6,3.4,202491,143767,4.4,23,97.8,170.4,2.2,22,39.4,113.8,322.8,6.2,164,1536462,83
18,0,5276,681,528,8,2.2,353135,151126,1.6,1.6,1.6,0,0.2,2.2,3.8,375.8,566,6.2,231,1544432,73
18,14,1405,97,75,0.8,0.8,281552,44324,0,0,0,0,0,1,1.4,66.8,66.6,3.4,613,1514861,93
0,0,1425,92,53,0.2,0.2,214550,15664,0,0,0,0,0,0.4,0.4,15.8,31.6,1,2191,1009408,95
0,0,182,16,30,0.2,0.2,10672,35469,0,0,0,0,0,0,0,15.6,16.8,1,2698,1771613,97
0,0,802,28,31,0.2,0.2,4235,54696,0,0,0,0,0,0,0,15.4,16.8,1,6799,1853384,98
0,0,1369,245,109,0.2,0.2,27830,389081,0,0,0,0,0,0,0,15.6,19.4,2.2,5713,1817542,93
48,68,3283,134,125,0.4,0.4,33832,23626,4.2,9,9,0,0.6,1.8,2.2,36.4,56.2,1,461,1129531,89
0,0,184,11,25,0.2,0.2,2065,10058,0,0,0,0,0,0,0,15.6,16.8,1,7733,1881032,97
37,37,3127,266,193,0.6,1.8,21713,134601,0,0,0,0,0.2,1,1.4,39.4,93.2,2.8,360,1025109,91
9,0,2079,316,256,4.41,3.01,158458,40402,0,0,0,0,1.2,2.4,2.4,198.8,316.43,2.2,550,1024770,82
0,0,2611,286,167,0.2,0.2,82615,83485,0,0,0,0,0.2,0.2,0.2,16,21.8,5.2,3047,1601744,92
4,0,973,130,120,0.8,4,56826,40037,0,0,0,0,0,0.4,5.6,61.4,166.8,2.2,2071,1732128,93
33,42,2995,183,140,0.4,0.4,41711,69821,0,0,0,0,0.2,0.2,0.2,31.4,60.4,1,598,1077210,88
5,3,842,52,30,1,1.2,118262,20988,0,0,0,0,0,0.4,0.4,87.8,111.6,1.4,6699,1840197,93
8,0,1803,367,300,0.2,0.2,516137,229603,5.61,41.88,118.04,216.23,3.01,43.09,88.78,14.23,94.99,1.2,130,1044431,89
9,1,2783,391,223,2,3.99,561054,53145,0,0,0,0,0,4.59,7.98,141.32,201.6,2.8,2783,1732179,86
22,0,2209,254,166,4.8,4.2,145759,100835,5.4,11.2,51.4,86,0,19.2,22.8,235.8,471.4,2.6,150,1061107,76
4,0,2822,248,157,0.4,0.4,293231,118889,0,0,0,0,0,4.61,4.61,34.87,116.23,3.2,624,1083872,92
2,2,1447,134,115,0.4,0.4,9940,25644,0,0,0,0,0,1.6,1.6,37.27,41.68,3.2,1054,1130742,93
2,0,2040,230,91,0.2,0.2,65806,28087,0,0,0,0,0.4,19.16,24.15,14.77,79.64,3.4,3917,1715626,94
37,20,4736,409,305,4.39,2.2,186131,124064,0,0,0,0,0,2.59,2.79,269.06,392.81,3.6,3551,1544251,81
10,1,3851,489,415,7.8,2.2,371419,94611,0,0,0,0,0,0,0,389,553.4,2,8226,1835470,72
52,60,1367,165,91,1.2,2,40521,32978,1,4,6.8,9.2,0.4,2.4,2.8,77.4,243.4,1.6,362,966408,88
13,11,1092,85,46,0.6,3,23660,15429,0,0,0,0,0,0.4,0.8,35.6,42.6,2.2,4908,1673408,95
1,0,725,92,77,0.6,0.6,35358,12244,0,0,0,0,0,0,0,42.4,49.6,1.2,673,1760488,90
22,8,6630,202,115,3.8,9.4,279697,9693,0,0,0,0,0,10.4,10.8,261.2,363.6,5.8,821,1529410,73
0,0,1431,44,55,0.2,0.2,12448,19666,0,0,0,0,0,1,1.2,13.2,16.8,1,566,1752792,97
4,0,2965,268,197,2.81,0.8,352731,28323,1.4,1.6,1.6,0,0.2,2.81,3.01,142.69,224.05,2,264,1068253,86
10,9,1339,81,74,1,0.6,13140,25936,1.2,1.2,1.2,0,0.4,6.2,6.4,48,95.4,1.8,150,1059384,94
0,0,246,46,17,0.2,0.2,252455,4969,0,0,0,0,0,0,0,15.97,16.97,1.2,7290,1860126,98
28,36,2862,193,101,3.8,4.2,217700,62552,0,0,0,0,0,1.2,1.2,219.6,331.4,2.4,390,1767661,79
7,0,5339,364,240,1.4,1.4,671122,426880,0,0,0,0,0.2,13.6,26.4,121,189.8,6.2,1256,1337077,80
1,0,2967,188,134,0.6,0.6,155568,54454,0,0,0,0,0,8,11.8,40.8,84.2,3.8,802,1064942,88
30,24,1655,106,74,4.41,5.41,139219,47304,3.21,7.41,21.84,30.46,1,14.63,27.66,292.99,612.83,3,346,1015801,78
27,37,882,92,71,0.4,0.4,38612,31518,2.99,5.59,8.78,15.97,0,10.38,11.58,31.54,66.47,1,148,1011275,94
20,13,4257,403,298,3.01,3.21,236001,145168,0,0,0,0,0,11.82,14.03,182.77,350.3,2.5,2384,1094818,80
1,0,3017,136,112,0.2,0.2,59665,113330,0,0,0,0,0,3.4,5,15.8,39.4,2.4,434,1630134,94
86,78,6870,484,356,8.2,15,344994,151519,0,0,0,0,0.2,28.6,33.2,469,725.4,5.4,512,1539402,60
5,2,2561,198,169,3,1,129015,29495,3,3,2.6,0,0.8,0.6,1.2,140.2,208.6,1.6,230,1750422,90
1,1,1693,143,147,0.2,0.2,20310,27719,0,0,0,0,0,2.2,4,16.2,25.6,1.5,521,1066154,95
234,88,3259,483,287,6.39,17.17,1023657,222304,1.2,11.18,11.18,0,0.2,32.34,53.89,275.25,547.9,4.2,425,1088819,69
14,10,2275,312,228,3.21,1.2,565950,400919,0,0,0,0,0,45.89,90.78,171.54,352.1,3.4,3791,1041151,80
4,2,1817,240,71,0.2,0.2,21627,10457,0,0,0,0,0,0,0,20.4,17,2,2560,1701149,94
12,8,775,71,37,3.8,4.2,125517,40041,0,0,0,0,0,4.2,6,309.4,331,1.4,2613,1794333,79
2,0,2590,167,248,0.8,0.4,117072,179675,0,0,0,0,0.2,0,0,58.2,78.8,2.4,539,1759701,91
4,0,2139,192,76,2.8,4,254183,69772,5.2,5.8,5.8,0,1,3.2,6,237,321,1.8,218,1752714,86
50,62,2562,239,181,1,3,171071,86083,0,0,0,0,0,0.6,1,101.2,159.4,4,2551,1537406,86
44,56,3665,275,231,1.6,0.8,227554,39676,0,0,0,0,0,2.4,2.4,172.85,163.27,1.2,2016,966448,82
2,0,1368,136,75,0.2,0.2,51529,59177,0,0,0,0,0,6.2,6.8,18.6,45.6,1.2,698,1062493,94
1,1,960,51,40,0.2,0.2,108053,44913,0,0,0,0,0,0,0,15.6,16.8,1.4,6930,1879101,97
28,40,2957,261,164,0.2,0.2,201445,80840,7,9.6,16.6,16.2,4,26.8,27.4,20.6,69.4,4.4,167,1014187,88
0,0,1006,44,41,0.6,0.8,3325,8798,0,0,0,0,0,0.2,0.4,34.4,45.8,1,1377,1746506,97
4,0,2148,108,77,2.6,8,130916,26669,2.4,3.6,3.6,0,2.2,2,2.4,129,214.8,2.4,267,1751203,91
9,1,3357,149,145,1,1.2,122904,40944,0,0,0,0,0,6.19,6.59,62.67,104.79,5.2,3092,1538472,89
1,0,1132,32,30,0.2,0.2,5381,22916,1.4,1.4,1.4,0,0,0.6,0.8,16.6,18.8,3.2,172,1714160,96
0,0,765,81,62,0.2,0.2,34390,36627,0,0,0,0,0,0.2,0.2,15.63,16.83,1.2,1723,1771888,91
24,31,489,61,133,0.2,0.2,38044,33334,0,0,0,0,0.2,0.8,0.8,17.2,24.6,2.2,1099,1717939,96
5,0,5291,298,214,0.8,1,250499,60387,0,0,0,0,0.2,17,18.8,67.2,289,1,654,995230,86
10,9,1548,137,95,0.6,0.6,30463,36164,0,0,0,0,0,3.41,3.81,51.5,129.66,2,676,980412,90
27,38,1292,67,46,0.2,0.2,2864,18973,0,0,0,0,0,1.8,2,15.63,31.86,1.2,1153,1748641,96
14,2,3735,239,226,3,1.4,159807,115748,0,0,0,0,0,9.8,18.6,144.6,232.4,3.8,3534,1551085,86
0,0,615,40,24,0.2,0.2,17074,9089,0,0,0,0,0,0.6,1,15.6,17,2,4592,1731704,98
10,6,2698,154,95,0.6,2,41837,23966,0.8,0.8,0.8,0,0.4,3,6,56.2,68.6,2.8,313,1111091,91
8,2,1116,81,91,1.2,1.4,59686,95337,0,0,0,0,0.2,3.4,5.6,81,134,2.2,1714,1538925,93
3,1,572,120,31,2.8,2.8,90781,61249,0,0,0,0,0,6,10.4,225,220.6,1.2,5759,1847078,86
54,62,1101,104,81,1.8,1.6,241932,82941,5.8,8.2,11.2,10.6,3.6,4.2,4.8,98,193.6,2.8,262,1536664,90
8,2,4089,280,160,2.79,2.79,227209,17217,0,0,0,0,0,10.78,15.97,172.46,257.88,3.4,1356,1443235,82
10,0,4261,527,266,1.8,3,330811,87989,0,0,0,0,0,11.8,16.8,190.2,323.2,6.2,2497,1338315,83
0,0,368,41,34,0.2,0.2,1460,13058,0.8,0.8,0.8,0,0,1.4,1.4,15.6,17.4,3,323,1711816,97
3,1,714,34,15,2.61,2.81,70079,17335,0,0,0,0,0,2,3.41,206.21,210.22,1,11420,1884933,90
36,47,387,40,42,0.8,0.6,2166,11034,0,0,0,0,0,0.8,0.8,34.8,45,3,1551,1718331,95
3,0,2881,164,361,2.2,4.2,32995,180178,0,0,0,0,0,2.2,2.6,203.2,223.4,1.6,1258,1055720,85
0,0,470,18,32,0.2,0.2,5392,7117,0,0,0,0,0,0,0,15.6,16.8,1,6938,1879152,99
16,14,1384,95,123,0.2,0.2,16407,93892,1.8,8.18,14.17,22.55,0.6,2,2.2,42.51,71.26,1,662,1069851,93
22,13,2865,177,161,1.6,5,119291,193151,0,0,0,0,0,4.8,8,107,178.8,4,536,1642779,85
8,7,4561,204,127,0.2,0.2,68904,64251,1.2,1.8,1.6,0,0.2,8.78,10.98,21.36,69.66,2.5,574,1004773,86
36,54,1470,182,142,0.2,0.2,16784,40472,0,0,0,0,0,0.2,0.2,16.4,32.6,1.5,648,1120458,92
16,3,5681,371,174,2.59,2.4,106232,22285,0.2,0.2,0.2,0,0.4,1.2,1.2,122.16,219.56,2,774,1075843,84
6,1,4010,486,243,1.6,0.8,433441,19761,0,0,0,0,0.2,0.4,0.6,98.2,194.6,5.6,2238,1370315,83
1,0,1253,47,47,0.4,0.4,29848,18075,1,7.2,23,37,0,1,1.4,32.4,66.6,3.2,159,1713203,96
0,0,303,116,30,0.2,0.2,22296,10299,0,0,0,0,0,3,6,15.8,16.8,1,5245,1856600,98
7,2,2536,229,184,4.2,1.2,125918,20744,0,0,0,0,0,0,0,202,287,1.4,8331,1864683,87
17,6,3577,316,238,3,1.2,217323,49595,0,0,0,0,0,5.6,5.8,154.8,263.2,3.6,879,974328,84
37,52,2114,213,122,0.4,0.4,51742,61601,10.6,43.8,59,79.6,2.2,63.4,67.8,33.2,123.4,3,157,1102712,92
3,0,917,74,268,0.6,1.2,80639,66461,0,0,0,0,0,0.4,0.4,58.6,71.2,1.8,1718,1816878,88
3,0,598,32,29,4.4,3,69002,14794,0,0,0,0,0,0,0,176.4,278.8,1.2,7715,1880747,92
14,4,1954,130,114,6.19,17.76,80423,44906,2.79,9.38,18.16,52.3,1.4,10.78,12.97,250.9,481.44,3,148,1088251,78
15,2,2374,132,121,0.4,0.8,30493,41061,11.42,29.26,57.11,164.73,0.4,15.83,26.45,55.11,184.37,3,150,1018368,91
6,1,1390,78,95,0.2,0.2,30162,17666,2,10.2,42.8,98.6,0,11.2,40.2,16,37,1.5,132,1055062,89
20,7,1878,151,75,2.4,2.4,245550,72088,6.6,18.6,85.8,200.4,1.2,3.4,3.8,87.2,228,3.2,171,1635587,88
11,6,3739,243,172,0.6,0.8,112671,124393,0,0,0,0,0,11.2,14.6,53.2,89.8,2.5,1092,1022466,84
0,0,1939,108,92,0.2,0.2,11959,114457,0,0,0,0,0,0,0,17.6,17,3.2,545,1643384,93
55,84,5106,321,215,0.2,0.2,29564,40148,0,0,0,0,0.2,23.55,23.55,20.76,84.43,2.5,1119,981289,85
30,43,2588,202,132,0.4,0.4,76060,35619,0,0,0,0,0,1.2,1.2,34.4,41.8,1,1484,1113149,90
3,2,501,94,102,0.2,0.2,56336,70980,9,17.2,18.4,15.4,2.8,0,0,19.2,22.8,2.6,159,1712456,97
23,34,1857,103,88,0.2,0.2,3525,44989,0,0,0,0,0,0,0,15.4,17,2.4,3387,1657034,97
6,2,1456,106,64,0.6,2.2,110222,27276,0,0,0,0,0.6,3.4,5.4,65.8,141.6,1,356,1021286,92
0,0,1313,96,42,0.4,2.2,370096,44139,0,0,0,0,0,0.2,0.4,35.4,36.4,1.4,6675,1825160,93
22,33,1157,59,50,0.2,0.2,87024,13503,0,0,0,0,0,0,0,22.2,17.2,1.6,953,1760301,92
0,0,1190,71,77,0.2,0.2,3692,88505,1.4,2,1.8,0,0,1,1,15.6,17.8,3.2,267,1719112,95
1,1,163,12,12,0.2,0.2,27322,15675,0,0,0,0,0,0,0,15.4,16.8,2,3598,1821480,98
2,1,2834,164,134,0.2,0.2,120572,50152,0,0,0,0,0,3.8,7.4,13,23.8,3.4,3404,1551894,93
74,100,4606,831,206,2.79,3.99,1379703,54436,0.4,0.6,0.6,0,2,3.59,3.79,231.14,405.39,1,425,1014860,78
2,1,444,42,38,0.2,0.2,9668,7034,0,0,0,0,0,0.6,1,15.6,16.8,1,5543,1860558,98
14,21,616,65,60,0.4,1.2,4531,36791,0,0,0,0,0.2,1.2,1.2,35,53.4,3.4,992,1716653,93
5,1,1139,116,125,3,1.8,93344,31653,0,0,0,0,0,0,0,165.2,224,1,7534,1869998,92
12,11,1150,120,81,1,2.4,74466,22798,0,0,0,0,0,7.6,9.6,108,191,2,895,1016090,90
4,2,2764,146,145,0.2,0.2,5556,30468,0,0,0,0,0,0.8,0.8,27.2,34.6,1.6,553,977181,94
6,2,2361,121,78,0.4,0.4,196740,83650,0.2,0.8,0.4,0,0,3.4,3.8,30.4,58.2,3,2043,988526,93
22,4,1650,223,205,1.8,1.6,33024,29856,6.6,24.6,75.8,196.2,1.6,20,105.8,92.6,167.8,4.5,158,1058141,86
19,13,2317,340,164,5.6,17.2,946400,24496,0,0,0,0,0,7.4,9.2,201,368.6,3,705,1098512,78
1,1,233,17,36,0.2,0.2,7626,33913,0,0,0,0,0,0,0,15.97,16.77,1,9203,1863840,98
9,6,1408,147,111,0.8,0.8,94565,20446,0,0,0,0,0,6.8,6.8,41.2,100.4,1.4,1994,969677,92
9,4,4370,122,115,2.8,8,153788,121639,0,0,0,0,0,0.6,0.6,238.4,294.8,2.6,551,1536366,81
1,1,353,154,41,0.2,0.2,263443,245749,0,0,0,0,0,0.4,0.6,15.6,16.8,2.2,5757,1834560,98
2,1,2080,124,97,0.8,5.39,40902,39442,4.99,12.38,14.97,20.76,0.2,6.19,7.19,41.32,80.24,1,172,1026095,90
29,38,397,45,14,2.2,2.2,82212,8322,0,0,0,0,0,2,2.2,212.77,172.26,1.4,11431,1877507,88
0,0,162,10,23,0.2,0.2,2817,12502,0,0,0,0,0,0,0,15.6,16.8,1,7385,1874944,98
2,0,3953,356,135,0.2,0.4,311951,205296,14.4,27.4,27.2,0,0,1,1.2,102.2,46,2.4,762,1547232,86
3,1,2494,115,124,0.2,0.4,7864,20509,0.2,0.2,0.2,0,0.2,1,1,23.2,32.4,2,1095,1719574,94
1,1,188,10,26,0.2,0.2,3035,26836,0,0,0,0,0,0,0,19.76,16.77,1,9288,1865677,98
49,48,4918,402,238,2.39,3.98,202001,157198,10.56,21.71,39.84,86.85,0.8,11.95,20.32,162.55,271.91,3,169,1005745,78
41,56,1349,84,55,1.19,4.97,110507,21563,0.6,0.8,0.8,0,2.58,1.19,1.19,68.39,127.44,1,181,1018360,91
18,16,4364,331,233,0.4,2,149096,201763,0,0,0,0,0,7.2,13,37.4,56.6,3.4,3910,1340325,91
6,1,5226,473,353,4.2,1.2,148787,53090,5.6,8.4,8,0,0.4,1.8,2.4,201,327.4,5,233,1136888,77
4,1,2439,183,114,0.6,0.6,171077,108093,0,0,0,0,0.2,0.4,0.4,46.4,83,2.4,2113,1539048,93
38,28,3514,87,70,2,2.8,33738,46921,0,0,0,0,0,0.2,0.2,174.2,183.4,2.2,3372,1657336,87
35,34,331,58,48,0.2,0.2,22293,29719,0,0,0,0,0,0,0,15.6,16.8,1.2,1812,1763360,97
21,27,227,25,26,0.2,0.2,7626,4544,0,0,0,0,0,0,0,18.76,22.16,1,7373,1862322,96
2,0,2612,226,119,0.4,1.2,166206,51370,0,0,0,0,0,12,12.2,51.2,206.8,4.8,7187,1406219,89
19,14,3750,288,141,1.8,3.6,236686,96856,0,0,0,0,0.2,7.8,11.4,105.8,199.2,1.5,557,1016558,82
56,86,1426,119,70,0.4,0.4,444790,147764,0,0,0,0,0,24.8,45,31.4,47,3.4,1246,1714448,87
24,21,1833,114,94,0.6,0.4,180856,37117,0,0,0,0,0,33.4,41.2,75.4,139.8,3.2,6754,1404261,88
7,2,1474,146,112,0.6,2.8,90868,28777,0,0,0,0,0,6.2,8.2,40.2,90.2,1.7,1005,1133701,92
42,9,6663,186,86,7.6,21.8,284749,160378,7.4,8.2,13.4,10.8,7,3.8,5.8,546,688.8,5.6,198,1538224,64
2,1,1803,238,58,0.8,2,544311,22882,0,0,0,0,0,0.2,0.2,61.2,259.2,2.6,6500,1823640,89
6,2,2029,93,83,0.6,0.6,93053,46509,1.6,3.2,3.2,0,0.8,0.8,1.2,40.8,89.4,5,363,1521069,94
78,78,3726,204,189,6.4,5,163664,109771,6.4,16.4,91.4,142.6,0.4,4.4,5,270.6,503.4,1,158,1072146,77
27,18,3714,220,99,2.8,7,460247,29730,2,17.6,44,96.2,0,50.8,84.8,175.8,274.2,3.7,265,1021035,80
3,1,3167,348,163,1.4,1.4,91118,37133,2.8,13.6,38.4,56,1.6,5,8.2,112.2,191.4,2,157,1099906,83
0,0,195,42,23,0,0,10043,15587,0,0,0,0,0,0,0,4.4,3.8,1.4,1387,1753355,93
4,0,2176,371,139,0.6,0.8,655593,48384,0.8,1.4,1.4,0,4.41,23.65,24.65,61.92,116.23,1.8,571,1063064,91
6,0,2623,112,112,2.2,0.8,105701,61083,1,1,2.8,5.4,0,4.8,9.2,110.8,183.8,2.4,169,1626877,92
127,51,1934,207,198,0.6,0.8,125735,166302,0,0,0,0,0,2.8,4.2,57.2,74.8,1,1015,1009613,88
1,0,1295,124,122,0.2,0.2,2544,19444,0,0,0,0,0,0.2,0.2,15.57,33.93,2.7,635,1101223,94
21,10,3862,239,266,2.4,2.4,111286,94229,1.4,12.8,8.4,0.8,4.8,17.8,22.2,96.8,223.8,7.2,343,1310246,88
8,0,3193,442,385,8.02,2,278616,17581,0,0,0,0,0,0,0,388.38,552.71,2,7216,1866756,77
3,0,3473,132,137,0.6,0.6,9715,26776,10.22,20.24,20.24,0,1,78.16,92.18,51.7,267.74,5.2,370,1021517,83
4,1,720,104,58,3,10,428343,242223,0,0,0,0,41.8,7.8,13.2,155.4,226,3.8,3709,1807547,82
0,0,156,9,17,0.2,0.2,2056,2898,0,0,0,0,0,0,0,15.6,16.8,1,6472,1871632,98
4,2,1819,118,223,0.2,0.2,111430,579085,0,0,0,0,0,8.2,9,15.6,47.4,1.8,1520,1041522,89
10,1,3579,745,751,3,3,619936,638238,0,0,0,0,0,1.2,1.4,159.8,255.8,2.2,636,1059296,81
16,12,3007,178,134,0.6,0.6,39887,66967,0.8,0.8,0.8,0,2,1.2,1.8,63.4,78.4,2.4,361,1628362,92
0,0,750,76,69,0.2,0.2,49826,50394,0,0,0,0,0,0,0,15.6,17,1,572,1752952,97
4,0,1134,102,19,2.2,2.6,291175,13298,0,0,0,0,0,0.8,1,155.2,220.2,1.6,7226,1876670,93
36,47,345,26,20,1.8,1.8,51659,26403,0,0,0,0,0,2.2,3.6,159.2,144.6,1.2,8807,1871341,91
5,2,1809,75,29,2.2,6.4,72824,7166,0,0,0,0,0,1.2,1.4,164.4,206.4,1.2,4894,1827627,93
3,1,411,53,16,1.2,4.6,294255,7831,0,0,0,0,1.2,0.2,0.2,79.6,96.4,2.2,3741,1821334,97
1,0,5527,192,147,0.2,0.2,265066,88570,4.78,9.56,25.1,58.37,3.19,12.75,20.52,16.14,138.45,1.5,126,1010410,89
0,0,194,25,24,0.2,0.2,616,9071,0,0,0,0,0,0.8,0.8,15.6,16.8,1,1363,1761824,97
16,15,1984,157,90,1.4,3.41,57962,43602,0,0,0,0,0,0.6,2.4,132.67,249.3,2.3,1121,1084952,89
1,1,394,208,51,0.2,0.2,379080,332905,0,0,0,0,0,0,0,15.6,16.8,2.6,5746,1834560,97
3,1,650,83,43,2.2,2.2,317214,129335,0,0,0,0,0,1.6,1.6,200.8,168.6,1.6,5350,1840486,88
7,1,3253,265,138,2,1.8,220922,120526,0,0,0,0,0,1.4,1.6,96,164,4.8,1562,1334029,90
19,16,3002,194,123,1.8,2.2,300654,71750,0,0,0,0,0,5.8,7.6,99.8,288.2,2.4,1202,1014886,83
1,0,781,60,64,1,2,8478,16249,0,0,0,0,0.2,0.2,0.2,63.4,86.8,1.5,2160,1072765,94
17,25,226,27,31,0.2,0.2,94831,27476,0,0,0,0,0,0,0,15.8,19,1,7369,1874573,97
14,1,1923,403,314,1.8,4,522927,132931,0,0,0,0,0.6,8.4,16.8,124.2,160.6,3.4,514,1698622,84
17,26,247,23,35,0.2,0.2,89718,18693,0,0,0,0,0,0,0,15.6,16.8,1.2,7199,1874051,96
7,1,1030,100,37,4,4,112364,17402,0,0,0,0,0,5.6,7.2,259.4,313,2.2,8514,1834352,85
42,53,2608,235,148,1.4,0.6,108359,42599,0,0,0,0,0.6,1.2,1.2,84.4,157.2,1,615,1076654,89
1,0,993,51,39,0.6,0.6,7421,6898,0.6,0.6,3.4,7.4,0.2,0.6,0.6,29,39.2,3,162,1709936,96
47,63,2769,338,192,1.59,0.99,850333,491906,0,0,0,0,0,4.37,8.35,103.58,175.35,4.2,3581,1031852,83
80,101,1408,227,147,1,2.4,16443,20863,23.65,69.74,90.98,104.41,1.6,57.52,103.21,86.77,177.56,3,144,990772,85
18,27,2223,139,73,0.6,0.6,90472,59143,0,0,0,0,0,12,12,28.2,56.2,2.4,4710,1731314,92
1,0,2678,165,134,0.2,0.2,7384,66002,0,0,0,0,0,8.2,10.6,16,25.8,2,1834,1112656,91
10,1,5406,252,156,5,18.4,145463,50994,14.2,20,38.4,75.6,1.6,4.4,5,339.4,463.8,1,183,1022437,74
29,37,1786,175,175,1.8,1,64650,70255,0,0,0,0,0,1.2,1.2,101.2,254.89,2,629,1101022,88
12,3,2805,544,146,1.2,2.2,279920,329100,34,64,63.6,0,1.2,8.2,9.4,175.6,158.8,3,286,1547198,83
3,0,1234,205,115,0.4,2.2,123824,135757,1.2,1.2,1.2,0,0,4.2,8.2,92.6,90.4,2.4,263,1536757,93
7,2,1150,111,119,0.8,0.8,52028,122409,0,0,0,0,2.2,2.6,4.8,91.8,134.8,1,407,1062686,92
4,3,1370,94,118,0.8,1,25625,99074,0,0,0,0,1.8,1.6,1.6,70.2,101.8,1,418,1113077,91
16,0,3074,259,203,1.6,4.6,537108,100961,0,0,0,0,0.4,26.6,37.8,81.8,288.6,6.6,671,1308418,82
28,36,1326,75,50,0.4,2,84961,36739,0,0,0,0,0,0.8,1.6,20.2,26.2,2,4667,1732315,96
3,2,712,73,58,0.2,0.2,18641,64419,0,0,0,0,0,1.6,1.8,17.17,33.93,1.5,613,1016112,94
37,41,2235,172,114,6.2,20,95632,32410,4,13.4,25.2,52.2,1.4,13.8,21.6,228.6,411.2,2.3,159,1107842,75
17,4,1910,131,91,1.8,2,113894,28026,0,0,0,0,0,0,0,108.6,147.8,1.4,7696,1871554,92
0,0,266,19,43,0.2,0.2,4582,15903,0,0,0,0,0,0,0,15.4,16.8,1.2,7293,1875112,99
1,0,2263,91,84,0.2,0.2,100381,33249,1.8,2.4,2.4,0,0.4,1,1,15.4,23.2,1.2,161,1751042,94
0,0,3657,230,131,0.4,0.6,350733,241407,0,0,0,0,0,1,1,35.2,46.6,5.4,1594,1615850,92
7,1,1071,50,60,6.2,9.6,27162,193369,0,0,0,0,0,2.6,2.6,187,389,1.8,6829,1852869,85
4,1,824,136,58,0.2,0.2,27980,39647,0,0,0,0,0.2,0.6,0.6,15.6,49.2,2,5856,1690960,95
1,0,382,57,51,0.2,0.2,8498,20401,0,0,0,0,0,0.4,0.4,20.2,16.8,3.6,1498,1717632,96
2,0,2727,167,149,0.8,1,748996,23904,2.4,2.6,2.6,0,0.6,0,0,50.2,69.6,2.8,257,1708933,92
1,1,235,19,25,0.2,0.2,7848,12733,0,0,0,0,0,0,0,15.63,16.83,1,7478,1873331,98
3,1,663,81,96,1.8,0.6,62398,53313,0,0,0,0,0,0.2,0.2,87,125,1,7348,1874123,95
1,0,2054,344,308,0.6,3.6,10011,57033,0.4,0.4,0.4,0,0,0.4,0.6,23.6,36.8,2.6,231,1696379,89
3,2,743,111,64,0.6,1.2,529504,300696,0,0,0,0,0,5.4,8.6,44.2,89.4,2.6,3672,1811698,91
1,1,1597,100,92,0.6,0.6,6122,38458,0,0,0,0,0,0,0,35.67,44.29,1,362,1752271,97
1,1,2078,94,97,0.4,0.4,30254,10055,0.2,0.2,0.2,0,0,1,1.4,23.8,40,2.2,313,1716179,95
2,1,483,36,65,0.8,0.6,10690,12182,0,0,0,0,0,0,0,52.2,59.2,1.2,7716,1871514,95
3,0,1049,361,58,0.6,0.6,127562,12466,0,0,0,0,0,3,3.4,65.6,200.4,2.2,2165,1767824,88
4,1,572,74,30,2.6,2.6,273984,39153,0,0,0,0,0,2.4,4.4,227.6,294.4,2.4,11040,1872051,84
21,28,440,32,22,0.2,0.2,1015,10645,0.6,0.6,0.6,0,0.4,0.4,0.4,16.4,17.4,3,318,1711758,97
13,11,4427,270,183,1.6,3.2,172031,118129,5,18.6,34.8,56,1.4,10.4,17.4,90.4,180.2,1.3,154,998984,84
35,50,2068,111,82,0.6,0.6,184724,37429,6.4,8.4,7.8,0,6.4,13,13.4,51.6,116.6,2.4,219,1085546,91
3,1,2836,208,129,1,1.4,113354,27649,1.2,2.2,2.2,0,4.39,6.19,8.18,78.04,90.02,1,652,1064578,91
2,1,313,33,28,0.6,0.6,172272,26701,0,0,0,0,0,0,0,32.87,44.09,1.4,6748,1865980,95
0,0,280,53,21,0.4,0.2,350133,31449,0,0,0,0,0,0.2,0.2,37.8,46.6,2.6,3629,1821069,96
3,1,751,105,27,2.4,2,209142,62416,0,0,0,0,0,15.2,29.4,186.4,165.6,1.4,6152,1848914,87
23,4,3124,386,348,7.62,5.81,303675,195796,7.01,13.83,32.67,43.69,1.6,14.23,28.46,226.05,390.58,3,152,1045831,78
7,4,3722,160,135,0.8,0.8,21245,32319,1.8,3.4,4.6,6,1.2,1.2,1.4,46.4,173,1.5,160,968381,91
3,0,652,28,18,2.4,2.6,66019,31317,0,0,0,0,0,4,7.2,208.2,206.4,1,8885,1871976,91
3,1,1039,237,123,1.2,1.6,493948,152437,0,0,0,0,0,9,17.4,96.8,116.8,1.2,3462,1741133,87
3,0,3051,157,115,0.6,0.8,306491,69347,0,0,0,0,0,20.2,20.6,46.4,101,4.2,3108,1539470,90
11,1,3310,334,243,3.61,2,86931,55259,0.2,0.2,0.2,0,0,7.82,8.22,187.78,314.03,1,241,1059974,85
45,61,1383,155,93,1,1.2,11530,33475,2.2,3.8,4.2,1.2,0.4,0.4,0.4,69.4,107.2,2.6,166,1059021,91
5,0,1894,220,173,3.4,1,164014,22150,0.6,0.6,0.6,0,2.2,1,1.4,177,333,1,190,1026021,87
2,1,823,62,45,0.4,0.4,89883,10946,0,0,0,0,0,0.2,0.4,40.48,42.48,1.2,957,1746548,96
4,2,945,92,92,0.2,0.2,116107,76904,0,0,0,0,0,0,0,18.6,58,2.2,1454,1546534,96
2,1,1962,109,81,0.6,0.4,362384,25518,0,0,0,0,0,0.8,1.6,50.4,75.4,1.4,1226,1058715,95
10,1,1668,135,109,7.82,21.24,62480,37958,0,0,0,0,0.8,10.42,10.62,293.79,505.81,2.3,514,1084282,77
12,1,2687,132,162,1.6,2.2,101289,34127,0,0,0,0,1,2.6,2.6,134.4,183.6,1.5,452,1059963,89
2,1,534,110,50,1,0.4,450000,9302,0,0,0,0,0,0,0,52.4,72.4,1.6,6789,1840803,96
3,1,363,32,28,1.6,1.6,53787,31694,0,0,0,0,0,1.4,2,139.92,125.75,1,11943,1884942,93
13,7,2844,180,160,1,0.4,27538,25232,0,0,0,0,0,5,12.4,74.8,96,2,2404,974149,90
2,0,2277,207,92,1.2,1.6,84870,52712,9.2,13.6,13.6,0,6.4,4.2,4.4,71.6,199.8,2,280,1056816,90
1,0,1616,156,60,0.8,0.8,78137,43494,0,0,0,0,0,0,0,55,87.4,1.2,375,1753667,92
4,0,840,52,39,0.8,1.6,16329,16867,0.8,1,1,0,0,0.6,0.8,45.91,57.29,1.2,367,1014170,94
1,1,1533,131,178,0.2,0.2,270299,208321,0,0,0,0,0.2,3.4,5.4,24.8,20,2,464,1045766,91
2,1,1922,108,60,0.6,0.4,302647,12972,0,0,0,0,0,0.4,0.8,52,73.6,1.6,1014,1743666,94
3,1,487,57,30,1.8,1.8,61441,17508,0,0,0,0,0,4,6.8,173.6,149.4,1.2,8318,1834110,91
5,0,2500,251,347,3.4,1,97385,28939,0,0,0,0,0.2,0,0,168.4,243.8,3.4,2016,1719568,87
3,1,3144,224,161,1,0.8,262412,28163,0,0,0,0,0.4,4.2,6.2,88,107.4,2.2,646,1054936,89
27,25,1365,61,45,1.4,1.6,23523,5039,0,0,0,0,0,0.6,0.8,84.6,115.6,2,3765,1774579,89
8,1,2455,358,328,6.4,1.8,187112,16175,0,0,0,0,0,0.2,0.2,308.6,447.6,3.2,6117,1852827,84
1,1,194,15,23,0.2,0.2,585,16000,0,0,0,0,0,0,0,15.8,16.8,3,579,1710640,97
16,5,2225,154,149,3.2,1,97741,8806,0,0,0,0,0,0.4,0.4,141,218.8,1,4318,1823917,89
7,1,2041,114,70,1.8,1.8,213673,25915,1.4,1.4,1.4,0,1.6,4.6,6.4,93,176.4,1.8,242,1076898,90
3,1,860,141,69,0.8,0.8,146075,148050,0,0,0,0,0,0.2,0.2,45.2,59.4,4,828,1746520,95
3,0,2015,204,75,1,1.2,283228,16189,4.2,14.4,90,140,0,17.8,32.8,65.4,151.8,1.7,125,1064920,88
28,19,2613,325,161,7.2,5.4,70661,96586,0,0,0,0,0,3,3.4,317,600.4,1.5,994,1007877,78
2,0,1975,207,156,0.4,1.6,7621,71396,7.6,11.6,14,39.2,0,6.2,6.2,21.6,60.8,1.7,188,1064462,93
50,71,3455,355,202,0.8,0.8,103830,53977,0,0,0,0,0.2,2,2.4,48,80.6,2.4,646,1516422,88
49,34,3932,302,148,9.16,20.52,706527,105716,17.93,78.49,103.98,238.25,2.39,29.88,32.47,456.57,964.34,3,170,1088679,63
4,1,809,99,91,2,0.8,63513,61487,0,0,0,0,0,0,0,111,155.8,1.2,7583,1865490,93
2,1,254,22,17,0.4,1.6,92792,26468,0,0,0,0,0,0.2,0.2,20,24.8,2,3774,1821341,97
6,3,2148,175,101,0.6,0.6,27775,63949,0,0,0,0,0,0,0,66.2,61,2.2,1902,1547744,95
38,56,1193,88,85,0.2,0.2,6800,23963,0,0,0,0,0,0.6,0.6,16.2,49.2,2.6,765,1131310,93
4,2,2129,169,184,1.2,2.6,220260,280690,0,0,0,0,0,6,7,185.4,169.8,5,1332,1613035,87
5,5,1958,262,135,0.2,0.2,772197,709935,0,0,0,0,0,8.2,16,15.8,45.4,3.2,3411,1036616,92
35,50,2797,323,269,0.2,0.2,192178,238685,0,0,0,0,0,0.6,2.8,29.8,36.6,3,2121,1046506,85
1,1,295,34,34,0.8,0.8,104999,14568,0,0,0,0,0,0.6,0.6,53.8,61.2,2.2,4578,1846795,96
2,1,205,11,24,0.4,2.6,7354,21644,0,0,0,0,0,0,0,37.6,27.6,1.2,7382,1875762,98
64,66,2938,167,91,5.01,13.03,259358,47170,3.21,3.61,3.61,0,1.8,5.81,5.81,178.16,381.56,3.2,223,1087484,79
1,1,694,30,35,0.6,1,7099,110246,0,0,0,0,0,0,0,50.9,51.7,1.2,6825,1849464,96
3,0,1960,164,105,0.6,0.8,186247,42768,7.19,26.55,49.3,92.22,1.2,45.71,48.9,51.5,113.77,3.8,136,1104960,86
0,0,200,31,21,0.2,0.2,21262,5539,0,0,0,0,0,0,0,15.6,17,1,6934,1845040,98
17,12,3647,405,211,0.4,0.6,143002,79976,6.8,21,56.4,108.2,0.2,10.4,21.8,49.6,106.6,3,151,999584,88
1,0,3516,251,138,0.2,0.2,219873,204131,0,0,0,0,0,4.8,5.8,23.2,49.2,3.6,4032,1344037,92
1,0,1222,67,113,0.4,0.4,12403,35778,0,0,0,0,0,3,3.4,30.8,73.4,1,387,1059570,95
4,2,2106,213,124,1.4,2.8,17914,23884,0,0,0,0,0,1.6,2,92.8,123.6,2,999,1128026,91
6,1,2214,308,213,3.61,5.01,918058,137988,5.01,9.22,18.44,58.92,0.4,27.05,52.51,158.12,321.84,1,281,1038023,81
48,1,3221,243,128,10.8,31,562196,29018,0.8,1,1,0,0,4.8,5.2,358.6,667.6,3.5,285,1089582,65
21,12,2619,442,199,1.2,1.2,546478,130566,6.4,21.2,37.4,41.2,4,6.4,10.4,96,244,4.8,218,1540139,87
11,16,136,10,19,0.2,0.2,426,14960,0,0,0,0,0,0,0,15.57,16.77,1,8504,1862603,98
25,18,2182,499,165,1.2,2.6,929960,613173,3.8,25.6,63,131.4,1.2,38.2,94.2,120,244.4,2.6,240,1032798,83
8,1,2685,221,82,3.79,5.19,242335,67322,1.8,5.99,41.92,68.46,0.2,18.76,27.54,235.73,432.34,1,99,1064798,82
4,0,943,132,122,2.4,0.8,64603,15178,0,0,0,0,0,0,0,126.6,176.4,2,7658,1879286,92
2,0,453,43,36,2.2,2.2,136424,57700,0,0,0,0,0,1.8,3.2,170.2,169.2,2,6264,1853056,89
5,0,3971,326,209,1.8,0.8,416863,78149,1,7.8,21.6,32.6,1.6,13.8,13.8,93.8,242.8,6.4,311,1316141,88
1,1,246,44,26,0.2,0.2,23591,9714,0,0,0,0,0,0.8,0.8,15.6,21.2,1.2,8312,1835272,97
3,2,1721,202,219,2,2,44461,264825,0,0,0,0,0,1.8,1.8,139.6,170.8,2.2,757,1381216,88
9,2,2004,131,96,1.6,1.6,203406,80867,0,0,0,0,0.2,1.4,1.4,103,174,2.6,1017,1539797,90
1,0,1160,161,66,0.2,0.2,166384,133012,0,0,0,0,0,0,0,15.6,17.4,3,1031,1753680,96
1,0,304,33,19,0.8,3.2,65141,6647,0,0,0,0,0.2,0,0,39.2,62,2,606,1760822,97
26,13,6511,707,426,8.2,15.6,347219,141663,4.2,8.6,23.4,51.4,1.2,13.6,19,478,658.8,1.7,185,1092566,60
13,19,746,39,19,0.2,0.2,107834,10108,0,0,0,0,0,0,0,17,21,1.4,553,1752816,96
2,0,2037,159,120,0.4,0.4,133558,48781,0,0,0,0,0,2.4,3.81,34.47,61.12,3.8,432,1064513,93
1,0,1925,88,96,0.2,0.2,3715,12124,0,0,0,0,0,0.4,0.4,13,16.8,2,1414,1725048,97
2,1,200,14,17,0.4,0.4,790,7577,0,0,0,0,0,0,0,29.6,39.4,1,7314,1864000,98
2,0,3174,430,189,0.4,1.4,258274,192465,3,4.2,4.2,0,0.6,5.4,9.6,32.6,78.4,4.4,239,1539834,91
6,1,3382,153,140,0.8,2.2,69020,50599,0,0,0,0,0.2,5.4,5.4,81,142.8,3.8,2853,1533090,90
16,24,195,12,17,0.4,1.2,1216,10442,0,0,0,0,0,0,0,34.6,35.4,1,7917,1880896,97
1,0,302,57,24,0.2,0.2,253775,4639,0,0,0,0,0,0,0,16.03,17.03,1.8,489,1745791,92
2,1,2454,77,73,0.2,0.2,112866,26523,2.4,4.81,6.41,5.21,0.4,3.01,6.41,22.04,38.68,2.6,301,983820,92
8,2,3907,359,271,4.8,1.4,164803,29992,1.6,2.2,1.6,0,0.6,0.8,1,228.6,347.6,2.6,288,1709192,83
0,0,801,217,165,0.2,0.2,144435,129531,0,0,0,0,0,0,0,15.6,16.8,2.2,2141,1763296,95
7,2,2595,142,142,1.8,3.4,261645,135818,0,0,0,0,0,0.8,1.4,95.4,142,4.4,1476,1640208,91
2,1,3440,219,187,0.6,0.6,163473,64164,0,0,0,0,1.2,5.21,7.41,205.81,162.53,1.8,735,1123065,83
39,48,3006,235,235,2.8,1,110395,14018,0,0,0,0,0,6.2,12,142.8,218.2,3.4,4526,1720122,87
8,1,2372,342,317,7.2,2,188778,93028,0,0,0,0,0,0.2,0.4,337.2,482.6,1.2,6825,1853173,81
31,40,595,89,57,0.2,0.2,2336,11981,0,0,0,0,0,0,0,15.4,16.8,2,1187,1724094,97
1,0,1617,143,112,0.4,0.6,12219,3838,0.2,0.2,0.2,0,0,1,1.4,34,48,2,365,1382544,95
2,1,523,52,37,0.4,0.4,176128,68253,0,0,0,0,0,7.8,15.4,30.4,41.6,1,8054,1834821,96
124,144,2255,343,257,5.4,4.6,192880,52201,7.2,57.2,118.6,245.6,0,34,52.2,211.4,470,1,143,1047304,77
2,1,193,15,14,0.2,0.2,6997,4123,0,0,0,0,0,0,0,15.57,16.77,1,7288,1860160,98
25,4,4644,230,177,1.2,2,243774,58431,6,28.6,74.4,206.4,0.4,62.4,86,92.6,448.6,9.8,305,1304165,83
0,0,158,10,18,0.2,0.2,426,6555,0,0,0,0,0,0,0,15.6,16.8,1,6132,1856736,98
11,3,5355,217,189,1,2.6,69167,77462,0,0,0,0,0,0.6,1.2,87.8,118.2,3,928,1523869,86
83,47,5277,407,342,7.39,17.37,372409,262232,3.39,15.17,15.17,0,0,5.79,8.38,380.84,639.32,2.6,389,1098108,67
2,1,210,25,32,0.2,0.2,11974,22876,0,0,0,0,0,0.4,0.8,15.6,16.8,1.2,6169,1855749,98
32,48,1404,116,87,0.2,0.2,15887,59172,10.16,19.32,24.9,20.12,2.99,5.98,6.77,18.92,32.27,3.7,154,1113450,90
13,21,1036,58,37,0.2,0.2,46946,7024,0,0,0,0,0,2.6,5.2,16.4,17,1,5663,1832568,96
27,39,2887,137,81,0.6,0.6,40273,39759,2.4,2.6,2.2,0,0.2,0,0,33.2,45,1.4,308,1749037,91
3,0,720,53,49,0.4,1,98131,24861,0,0,0,0,0,0,0,38.92,37.92,2.4,4785,1668936,96
7,1,1950,180,97,5.99,6.19,397379,148245,8.38,16.57,12.57,0,1,13.17,17.96,248.3,447.11,1.6,365,1005349,74
9,7,2677,342,151,1,3,371257,343169,9.6,25.4,40.4,70.2,1.2,11.8,22.8,121.8,258.4,1,252,1040595,83
1,0,5838,448,248,0.2,0.2,114398,54983,1.8,2.59,2.59,0,0.6,3.79,6.59,21.36,59.48,1,279,1070259,87
22,5,2289,161,173,1.8,1.4,171495,107789,0,0,0,0,0,1.2,1.2,111.2,133.4,2.2,663,1532253,89
33,47,562,92,36,0.4,1.8,292680,26315,0,0,0,0,0.4,7.58,7.58,34.73,81.84,1,599,1034651,94
5,0,1998,292,242,4.2,1.2,132678,19310,0,0,0,0,0,0,0,199.4,292.2,3,634,1711210,86
1,0,397,159,60,0.6,0.4,61210,20054,0,0,0,0,0,1.6,3.2,33.8,40.6,1.2,6170,1857019,97
1,1,205,23,35,0.2,0.2,7434,8785,0,0,0,0,0,0,0,15.6,16.8,1,7263,1865264,98
40,55,2814,152,125,0.8,0.8,36577,47134,0,0,0,0,0.6,17,17,48.4,123.2,3.8,1048,1524160,91
83,81,2582,170,159,1,1,66580,202445,3,3.6,3.6,0,0.2,2.6,8,66,110.2,1.5,271,988688,90
1,0,311,58,35,0.2,0.2,1820,10295,0,0,0,0,0,4.4,4.8,15.8,26.8,1,1900,1771971,98
42,58,3615,229,134,1,1.2,20581,29381,3.4,4.2,6.2,3.4,2,21.6,22.8,76,168.4,2.2,168,1130147,84
2,0,1307,130,68,0.8,1,23161,18709,0,0,0,0,0,4.4,7.8,53.6,75.4,1.3,1940,1075173,94
10,10,1752,206,116,0.6,0.4,492823,51586,1.6,1.6,1.6,0,0.8,4.41,7.82,43.89,59.52,1,168,1102458,91
4,1,5408,239,218,0.8,2,320857,97794,0,0,0,0,0.2,21.8,30.4,38.2,141.4,3,2889,1643259,89
16,24,288,68,40,0.4,0.6,229547,216569,0,0,0,0,0,2.4,4.8,30.6,27.8,2.4,3570,1822072,93
33,23,2813,214,134,1.2,1,359038,138798,0.8,1.6,1.6,0,1.6,11.2,18.8,59.6,216.2,8,461,1317317,82
0,0,1945,140,120,0.2,0.2,55721,87368,7.2,10.2,10,0,0.8,1.2,2.2,15.4,17.8,1.2,317,1753784,92
2,0,2935,172,103,1.2,1.8,499502,171548,6.4,18,42.6,42.4,1.6,12.6,22.2,95.6,180,5.6,143,1017051,85
2,0,2055,239,173,0.8,0.8,106521,135119,0.2,4.2,15.2,35,3.2,27.6,37,70.6,224,2.8,419,1380114,90
0,0,239,44,33,0.2,0.2,248037,108579,0,0,0,0,0,18.8,37.4,15.4,35,1,5759,1856667,95
14,10,1344,118,74,1.6,2.6,321978,46937,0,0,0,0,0,5.2,9,165,351.8,1,1767,1069374,85
7,1,1650,160,126,0.4,0.4,33712,61936,5,7.4,7.2,0,1.6,1.8,2.2,28.6,65.2,2,430,1013798,91
30,15,2926,269,233,5,4.6,198456,55428,0,0,0,0,0.2,23.4,24,243,444,3.8,7949,1366403,81
0,0,216,14,20,0.2,0.2,452,5432,0,0,0,0,0,0,0,15.2,16.8,1.4,974,1761416,91
2,0,1687,66,57,1.8,3.8,145191,83587,0,0,0,0,0,5.8,9.4,130.4,233.4,1.6,762,1069069,89
8,0,3741,238,175,6.8,20,43717,46291,0.6,0.6,0.6,0,0,8,8.4,250.4,444.2,1,202,1091530,76
1,1,241,18,24,0.2,0.2,7016,10288,0,0,0,0,0,0,0,15.6,16.8,1.4,7398,1865531,97
0,0,319,61,37,0.2,0.2,1695,5584,1,1,1,0,0,0,0,15.6,16.8,2,253,1707712,98
6,1,3959,659,573,3,1.4,569326,396615,1.4,2.6,2.4,0,2.2,3.4,4.8,180.8,303.8,2,427,1125595,79
1,1,2021,93,96,0.2,0.2,105905,9499,0,0,0,0,0.2,0,0,17.6,19,2,630,1718893,95
26,39,219,15,17,0.2,0.2,15074,10163,0,0,0,0,0,0,0,15.4,20.8,1,6879,1826264,97
32,47,2093,164,129,1.2,3.8,94847,16603,0,0,0,0,0.6,0.4,0.4,84.6,132.2,1.4,440,1104264,89
5,0,2846,512,341,4.8,2,330346,186516,0,0,0,0,0,9.8,10.2,258.6,398.4,6.8,3606,1596098,80
1,1,171,11,15,0.2,0.2,7005,10148,0,0,0,0,0,0,0,15.63,16.83,1,8533,1870017,98
20,9,5998,660,226,2.2,4.79,194430,88620,0,0,0,0,0,5.39,8.38,174.85,256.29,2.2,1115,1018756,77
3,1,802,52,65,1.2,3.2,56074,212985,0.6,4.2,0.8,0,0.8,0.2,0.4,66.4,94.8,1.2,6933,1852528,92
2,1,823,27,26,0.2,0.2,18803,20002,0,0,0,0,0,0.8,1.4,15.6,16.8,1,4624,1828408,98
2,1,457,39,27,0.4,0.4,7987,5076,0,0,0,0,0.8,0.8,6,37.4,42,2.2,1354,1713314,95
2,1,234,36,15,0.2,0.2,214764,14692,0,0,0,0,0,0,0,16.2,18.2,1.2,7280,1877278,97
2,0,1623,102,104,0.6,2.2,121229,71410,4.8,4.8,4.8,0,1,2.2,2.4,50.2,78.6,1,170,1046589,92
6,4,2763,249,112,1.6,3.2,132672,25607,0.4,0.4,0.4,0,0,2.2,2.2,116.2,159.6,1,320,1123400,86
15,9,5763,322,275,4.2,3.4,225329,158009,0,0,0,0,0,0.6,0.6,266.2,356.8,6.2,1164,1614413,78
46,56,3635,367,264,4.98,2.39,229971,82665,0,0,0,0,0,0.8,0.8,259.36,392.43,3,873,1046947,79
0,0,201,26,25,0.2,0.2,587,8785,0,0,0,0,0,0.2,0.4,15.6,17.2,1,1308,1745672,97
53,75,1345,98,108,0.4,0.4,16472,65359,0,0,0,0,0,1.8,2.2,33.8,71.8,4.4,1432,1044718,91
4,0,2781,263,222,2.6,1.2,245197,44762,0,0,0,0,0.2,5.2,5.2,138.4,252.6,1.7,2744,1047638,88
14,0,1654,95,62,2,2.4,189881,134834,5.4,14,65.4,115.8,1,22.8,24,140,296.2,6.4,168,1593582,86
39,52,2527,138,89,0.8,3.4,265344,41496,3.8,5,5,0,2.2,26.2,37.6,63.4,104.8,1.3,677,1057779,90
1,1,465,22,28,0.2,0.2,11366,12964,0,0,0,0,0,0,0,15.4,16.8,1.2,6848,1877352,98
11,8,3549,168,140,0.4,0.4,13296,40833,0,0,0,0,0,3.4,3.6,42.4,102.8,1.2,1524,971326,92
6,0,3018,417,241,2,2.59,1224535,193082,0,0,0,0,0,15.17,23.35,108.38,196.81,1.3,406,1071511,83
3,0,3312,213,128,0.4,1,28611,70352,0,0,0,0,0.2,0.2,0.2,33.8,49.8,2.2,2479,1645269,93
29,41,2498,140,150,1.4,1.6,119383,32297,0,0,0,0,0,10.8,20.8,66.8,101.8,3.4,3996,1716054,87
1,0,346,61,23,0.2,0.2,382940,19927,0,0,0,0,0,0,0,17.2,18.8,1.8,8016,1862216,97
2,1,261,40,26,0.2,0.2,197151,24724,0,0,0,0,0,0,0,16.2,18.2,1.2,7110,1873368,98
7,2,1948,302,236,5.59,2.2,390970,260428,0,0,0,0,0,3.59,6.99,255.09,371.46,2.4,3458,1815641,83
3,1,1490,147,111,1.4,4,29410,32328,0,0,0,0,0,1.2,1.4,72.8,84,1.8,1147,1124344,91
52,36,3084,203,389,2.8,2.8,94519,116569,0,0,0,0,0,0,0,150.2,200.4,2.4,1632,1641173,89
1,0,1948,124,113,0.6,1.2,63813,74699,0,0,0,0,0.2,3.19,5.99,45.51,80.84,1,464,1117097,87
1,0,2711,144,118,1.4,1.6,161993,56924,3.61,14.23,20.84,35.07,4.81,5.41,5.81,102.81,170.74,2.6,152,1087596,89
6,2,2285,177,191,4,3.2,84430,214977,0,0,0,0,0,9.8,11.2,204,357.8,2.8,717,1016555,80
14,13,1510,168,97,0.2,0.2,25438,26958,0,0,0,0,0,2.4,4.99,19.56,16.77,1,1088,1080695,95
1,1,192,12,33,0.2,0.2,8571,12015,0,0,0,0,0,0,0,15.4,16.8,1,7293,1875112,98
2,0,801,68,47,0.6,2.2,171773,20095,0,0,0,0,0,9.8,10.2,56.4,135.6,2.5,3020,1012598,94
3,1,2307,114,105,0.4,1.8,31281,113104,0,0,0,0,0,0.4,0.4,19.6,35.2,2.4,3103,1656325,93
0,0,2352,82,73,0.2,0.2,3146,8482,0,0,0,0,0,0.6,1,15.6,17.4,1,608,1731416,93
1,0,3440,144,156,0.2,0.2,92394,37398,0.6,0.6,0.6,0,0.4,0,0,21.6,21.2,2.6,147,1707931,93
0,0,1703,158,127,0.2,0.2,5095,24264,0.8,8.4,11.8,11,0.6,14.8,14.8,15.4,118.6,1.6,166,1099232,90
17,25,1405,83,142,0.6,0.6,12122,157021,1.8,1.8,2.4,2.2,0,1.2,1.2,35.47,48.5,1.2,144,1746180,94
7,2,2862,278,150,5.61,4.81,253841,114278,0,0,0,0,1.2,11.82,12.22,282.57,455.91,2.4,1934,1007500,79
0,0,233,23,22,0.2,0.2,663,9460,0,0,0,0,0,0,0,14.4,16.8,2,2972,1707112,98
19,28,586,76,51,0.2,0.2,1609,13494,0,0,0,0,0,0.2,0.2,15.6,16.8,2,1258,1713042,96
55,61,3395,568,152,2.2,3.4,249412,37226,0,0,0,0,0.2,8,15.6,153.8,278.2,2.6,1223,1536299,80
20,25,419,36,32,2.2,2.2,63830,39248,0,0,0,0,0,1.2,1.6,186.43,174.25,1,8249,1866379,88
4,0,2197,138,131,1.4,2.2,112116,79948,0,0,0,0,0,8.82,10.42,73.75,160.32,1,712,1061429,89
17,16,2075,135,79,0.2,0.2,11362,23344,0,0,0,0,0,1.2,1.2,88.42,17.76,1,1113,1081611,90
0,0,151,11,25,0.2,0.2,439,21995,0,0,0,0,0,0,0,15.57,16.77,1,6737,1858691,99
1,0,1505,73,77,0.2,0.2,10196,28193,0,0,0,0,0.6,0.2,0.4,16.37,24.55,1.5,1065,1053132,96
17,7,3510,375,310,4.19,1.8,175138,78646,0,0,0,0,0,2.2,3.39,226.95,443.11,1.8,781,968909,78
4,1,1602,170,162,3.4,1,77639,153502,0,0,0,0,0,0,0,161.2,232,2.2,5757,1840403,89
1,0,2514,120,99,0.8,1.2,276080,32472,0.4,0.6,0.6,0,2.8,0.2,0.2,23.8,36.2,1.6,205,1749656,94
7,1,2139,329,127,2.8,3.6,1001902,34497,0,0,0,0,0,30,33.6,138,302,1.2,2376,1090363,83
22,18,4418,351,216,4,5,301061,68449,0,0,0,0,0,6.2,7.6,265.2,497.8,2,1063,1008304,72
12,0,6188,624,408,4.99,2,137279,62736,0.2,0.2,0.2,0,0,1.4,1.8,265.07,397.01,1,328,1065847,76
0,0,195,10,16,0.2,0.2,3368,46609,0,0,0,0,0,0,0,15.6,16.8,1.2,6910,1858525,98
4,2,2318,252,116,0.4,0.4,284319,144524,0,0,0,0,0,1.2,1.2,34.4,48.4,3.6,669,1326208,94
28,39,157,14,15,0.2,0.2,8738,8548,0,0,0,0,0,0,0,20.16,16.77,1,1882,1768184,96
5,0,2794,291,263,1.2,0.6,129608,114836,0,0,0,0,0,13.17,13.77,73.25,151.5,3,1403,1040123,89
8,5,1361,117,81,0.4,1.8,32845,44283,4.59,7.19,6.79,3.59,1.6,0.2,1.6,33.53,108.98,1.5,183,967026,92
17,6,5966,274,171,2.59,6.79,27941,42226,5.19,6.99,12.57,9.58,2.99,9.58,9.58,180.64,255.89,4.6,154,1311112,76
8,0,2454,310,267,3.2,1,139403,62658,0.8,0.8,1.2,2,0.2,1,1,160,242.4,1.8,208,1110645,87
3,0,2286,160,97,0.6,1.8,162790,78386,0.2,0.4,0.4,0,4.8,2.6,3.4,52.4,121.2,1.8,566,1014058,90
20,1,2232,204,103,5.2,4.8,349753,173656,9.2,23.8,43.8,68.8,0,31.2,39.4,283.8,583.4,1.5,518,1029395,74
4,0,1012,137,112,2.6,0.8,78025,6260,0,0,0,0,0,5.8,5.8,120.8,178.4,1.6,587,1742296,86
3,1,544,92,73,1.8,1.8,247617,175885,0,0,0,0,0,6.8,11,161.2,147.4,2,3549,1822469,88
5,5,2175,83,77,0.6,0.6,17319,29789,0,0,0,0,0,2,2.4,42.6,62.6,1.5,425,988923,94
254,59,4072,333,311,0.6,0.6,183534,202268,0,0,0,0,0.2,0.2,0.2,49,78.6,2,2422,1644392,90
1,0,1293,59,49,0.6,1,3767,14409,0,0,0,0,0,0.8,0.8,49.8,61.75,2.4,1268,968080,93
0,0,319,57,14,0.2,0.2,352084,12848,0,0,0,0,0,0,0,15.6,17.2,1.4,9231,1867534,96
40,55,2672,161,146,0.4,0.4,74895,196953,4,4,4,0,1.2,26.4,26.4,93.4,159.2,1.5,194,973072,89
212,208,4232,406,255,1.2,2,388291,161853,0,0,0,0,0,5,21.8,94.6,166.4,3.4,422,1334416,85
7,0,2820,373,332,6.8,1.8,173582,20888,2,2.4,2.4,0,0.4,0.4,0.6,319.4,462.2,4.2,143,1751645,75
1,0,2634,255,127,1,3.6,174672,33215,0.2,0.2,0.2,0,0,0.4,0.4,121.6,141,1.4,415,1093984,86
6,1,1279,180,157,4,1.2,94575,6400,0,0,0,0,0,0,0,198.2,281.8,1,7196,1875514,90
3,1,388,31,24,1.6,1.6,49659,58793,0,0,0,0,0,0.6,1,130.94,121.16,1,7544,1861499,90
1,0,2450,128,113,0.4,0.4,23110,26628,0,0,0,0,0,9.58,11.58,31.54,50.9,1,791,1050303,91
0,0,158,13,15,0.2,0.2,448,6400,0,0,0,0,0,0,0,15.6,16.8,1,7240,1863624,98
15,12,3957,339,346,3,1.4,321703,342201,0,0,0,0,0,0,0,153.2,226,4.2,1406,1614402,83
2,0,1680,400,299,0.6,0.6,11734,13465,0.2,0.2,0.2,0,0.6,0.6,0.6,29.2,38.8,3.6,369,1712258,92
198,38,4220,448,341,2.6,1.2,228047,193897,10,51.2,85,82,0.2,21.6,41,138.4,241.8,1.5,137,1017034,76
6,0,2098,190,110,6.4,24,158411,22867,0,0,0,0,0.2,5.8,6.8,350.4,524.4,1,354,1035406,74
25,20,1423,187,171,0.2,0.2,122096,137418,14.37,28.34,23.75,0,0.6,3.19,3.59,15.57,51.7,1.6,532,1099797,91
53,8,5116,612,442,12.6,8.2,266963,24095,0,0,0,0,0.6,5.4,6.6,569.2,935.4,5.8,2778,1536829,63
75,32,1442,166,163,0.4,0.4,392078,277539,22.36,46.71,46.71,0,2.79,33.73,64.67,35.13,82.63,3.8,251,1597281,86
4,3,1107,80,54,0.4,0.4,3303,23337,0,0,0,0,0.2,9,9,29.2,91.2,1,2467,1015398,95
11,15,188,15,41,0.2,0.2,2710,8658,0,0,0,0,0,0.2,0.2,15.6,16.8,1,3557,1847944,98
7,0,3216,570,72,6.8,21.2,1510447,52634,8.8,25.2,47.4,83.2,0.4,23.8,32.2,247.4,504.6,2.8,201,1108710,74
6,0,5415,412,328,3.2,2,290997,97991,5.6,9.6,26.4,29.4,0.4,3.6,4.6,230.4,385.6,1.3,164,1089971,76
12,1,2512,284,244,2.81,3.81,94187,98275,0,0,0,0,0,21.44,23.45,154.31,282.57,1.5,1316,1102746,85
4,2,674,79,49,2.6,2.6,191341,147817,0,0,0,0,0,4.4,7,245,220.2,1.2,5280,1838771,87
15,14,2423,566,248,0.2,0.2,649934,653520,0,0,0,0,0,0.6,1,23,32.4,1.8,430,1044971,91
68,83,3135,244,162,5.41,14.83,171541,96875,9.62,19.24,18.84,0,0,5.01,7.01,207.21,374.35,1,365,1106976,75
1,0,356,31,31,1.8,1.8,44217,20023,0,0,0,0,0,1.8,2.8,140,139.4,1,7303,1849827,91
1,0,1592,93,69,0.4,1.8,39733,37995,0,0,0,0,0,0.4,0.4,33,45.4,1.2,2906,1050522,94
6,1,4322,387,274,3.41,3.21,211938,119371,1.2,2,1.8,0,1.6,13.03,23.85,186.97,392.99,1,679,989015,81
9,7,1106,85,60,0.2,0.2,96962,23460,0,0,0,0,0,51.3,99.4,91.78,370.14,1.8,2644,952324,85
0,0,4209,231,178,0.4,0.6,142503,229720,0.2,0.2,9.4,18.6,0,0,0,33.2,59,2.4,152,1386010,90
19,18,3858,222,151,1.2,1.2,437045,78441,20.96,60.08,110.78,190.22,6.19,49.7,84.03,308.78,204.39,2.3,155,996604,78
4,3,294,29,54,0.6,0.4,45310,30398,0,0,0,0,0,3.01,5.81,38.08,41.08,1.4,7511,1870499,95
1,0,3567,339,304,0.6,2.2,28929,36591,3.01,3.01,3.01,0,0,7.62,10.02,30.46,57.11,1,271,1101937,88
14,13,6360,217,166,0.6,0.6,77756,74474,0,0,0,0,0,5,5.4,31.6,67.2,1.8,766,999555,87
9,8,1428,85,67,0.8,1.4,12357,29920,10.22,20.24,20.24,0,0.4,11.82,22.85,105.21,190.18,2,324,1061935,89
18,14,2064,121,90,1,0.8,56872,28574,0,0,0,0,0.2,24.2,26.8,46.2,153.6,1.4,1269,1307661,91
13,11,2756,371,195,1.8,0.8,1317864,988960,0,0,0,0,0.4,24.6,41.2,104,162.2,1.3,572,1014926,83
1,0,3244,165,188,0.2,0.2,70909,156108,0,0,0,0,0,0.2,0.2,15.8,18.8,3,2892,1650291,94
1,0,209,30,27,0.2,0.2,13961,14007,0,0,0,0,0,0.6,1,14.83,16.83,1.2,7420,1869323,97
2,1,1252,138,99,0.2,0.2,4361,21604,0,0,0,0,0,0.4,0.4,22.36,21.36,1.3,527,976144,95
9,9,1437,279,140,0.4,0.8,200790,121184,0,0,0,0,0,27.4,27.4,28.8,86.2,4.4,2867,1604600,93
7,0,3313,416,319,7,2,191003,12980,0,0,0,0,0,0,0,324.8,479.2,4,506,1745051,76
1,0,1228,42,38,0.2,0.2,7176,15793,0,0,0,0,0,0,0,25.4,19.4,2,2083,1003210,96
9,3,3120,405,277,1,1.79,162000,110195,0,0,0,0,0.2,4.38,8.37,64.94,150.6,2,566,1068770,87
3,2,857,94,90,0.2,0.2,94949,27795,0,0,2.4,8,0,1.6,1.6,16,32.6,2.6,126,1088995,94
1,1,220,29,31,0,0,36999,8324,0,0,0,0,0,0,0,6.97,10.36,1,7143,1856064,98
1,0,4165,259,163,0.8,1,55069,162071,0,0,0,0,0.2,15,21,64.2,134.2,1.5,424,1001854,84
7,2,3855,274,191,1.2,2,130110,115049,0,0,0,0,0,6.6,12.4,74.8,106.2,3.4,3078,1548314,89
3,0,3915,155,118,0.6,1.2,106588,78827,0,0,0,0,0,1.4,1.6,56.6,59.4,2.2,2689,1646288,93
66,35,2183,133,124,0.2,0.2,74204,52963,0.2,0.2,0.2,0,0.2,6.6,8.8,18.2,52.4,3.8,474,1326890,93
0,0,219,29,24,0.2,0.2,84857,13021,0,0,0,0,0,0,0,15.63,16.83,1.6,7310,1867463,98
16,23,172,22,10,0.2,0.2,105725,6405,0,0,0,0,0,0,0,15.6,16.8,2.2,3688,1822496,97
0,0,138,8,13,0.2,0.2,490,9087,0,0,0,0,0,0,0,15.6,16.8,1,583,1732768,99
23,4,3365,307,239,5,3.6,425526,43983,1.6,5.6,16,22.8,1,1.6,1.6,288.2,491,2.6,241,1080478,77
12,0,1930,148,75,5.2,22,293028,25681,6.4,16.2,73.8,151.2,0.8,22,30,312.6,521.6,1,166,1037280,75
10,6,476,44,54,1.4,1.2,30286,32718,0,0,0,0,0,1.2,1.6,114.77,119.96,2,479,1741809,89
0,0,149,10,11,0.2,0.2,3890,9804,0,0,0,0,0,0,0,15.37,16.77,1,8673,1865980,99
0,0,1450,101,92,0.2,0.2,16511,19169,1.2,1.2,11.8,25.6,0,12,12.8,18,36.6,1,128,1060221,95
5,1,729,91,27,1.4,1.8,65918,2998,0,0,0,0,0,3,3.4,127,144.8,1.8,1584,1766574,88
5,0,4036,354,200,0.8,0.8,32404,49327,0.2,0.2,0.2,0,0.2,6.59,9.58,70.86,98.8,1.5,193,974271,88
3,2,1570,83,82,0.6,1.2,48697,17966,0,0,0,0,0,14.6,14.8,47.8,95.8,1.5,1903,1008859,92
34,15,2332,237,137,2.81,3.61,127453,67398,5.21,10.02,30.86,41.68,1.8,19.04,21.84,177.15,321.24,1,200,1013850,84
4,0,2447,654,103,3.19,5.59,176546,30365,19.96,57.68,102.99,220.76,1.2,15.37,25.95,184.63,320.36,1.5,328,1102360,84
2,1,230,12,15,0.8,0.8,9104,3377,0,0,0,0,0,0,0,53.6,60.2,1.2,7233,1876062,97
2,0,1576,70,67,0.4,1.2,5597,19216,0,0,0,0,0.8,20,20.2,24.6,52.2,1,935,1074077,94
5,2,1463,125,152,1,0.8,501614,26240,0,0,0,0,0,1.4,1.8,58.6,70.4,1.7,737,1047366,92
13,0,5489,424,405,1.4,1.6,315121,171566,5.8,32.8,52.8,94.4,1,19.6,34.2,108.2,228.4,2,153,1048573,81
16,0,2845,334,158,6,3.4,932280,17609,0,0,0,0,0,11.6,23.2,257.6,399.8,5.8,5058,1719349,83
21,19,3374,558,226,1.4,3.2,615882,590566,0.2,0.2,0.2,0,0,1.6,1.6,125.6,217.4,1,434,1043605,87
1,0,432,43,25,0.8,3.2,24364,8293,0,0,0,0,0,0.8,1,42.4,53.6,1,1404,1746466,96
3,0,1193,145,152,0.8,2.6,217173,106950,0,0,0,0,0,2.4,2.8,62.2,162.4,1,576,1066038,90
14,11,5552,321,158,2.2,7.4,866968,48363,0,0,0,0,0,1.4,2.2,75.6,143.2,1,425,1009667,86
37,42,1295,52,52,0.2,0.2,16813,20187,0.4,0.8,0.8,0,0.2,1,1.6,18.76,22.16,1.2,297,1738584,89
24,30,2583,242,171,1.4,2,40055,108188,4.6,33.2,214.2,527,0.4,2.8,3.8,106.4,123.8,4,648,1640984,83
6,4,1090,84,52,1.4,2.2,181014,31665,7,8.2,7,0,5.6,4.6,4.8,70.4,179.6,1.3,175,1025157,92
12,6,1579,52,71,4.01,3.61,109697,163903,28.46,51.3,68.54,54.31,11.02,17.84,27.86,259.92,404.41,1,186,1131263,78
6,5,2350,249,160,0.8,4.99,26124,120519,1,1.2,1,0,1.4,4.79,4.79,33.53,105.19,1.6,449,1089070,88
11,8,5409,520,317,1.39,1.99,120655,113146,4.98,8.17,6.77,0,6.77,9.96,19.92,155.98,287.45,4.2,248,1005404,77
58,74,3580,306,157,1.2,4.8,85007,28708,0.2,0.2,0.2,0,0.2,10.2,13,85.2,124.2,5.4,354,1315827,88
68,81,4483,538,375,0.2,0.2,607400,196340,4.21,11.02,27.86,51.1,0.8,13.23,30.26,15.23,60.72,1.8,137,1048723,86
2,1,3898,181,176,0.2,0.2,12690,211636,1.6,2.4,2.4,0,0.2,0.8,0.8,22.6,39.6,1,281,999800,90
8,1,3416,467,365,5.6,1.6,251705,69298,2.4,5.8,13,19,0,39.4,45.4,287.4,624,2.3,181,983189,77
2,0,534,59,64,2.2,2.2,95619,57562,0,0,0,0,0,2.4,2.4,199.8,170.46,2.8,1100,1785865,82
2,1,2072,95,103,0.2,0.2,17251,137276,1.8,2,2,0,0.2,0.4,0.4,18.4,22,2.4,313,1522626,96
26,15,1558,153,121,0.6,2.2,60536,78144,0,0,0,0,0,2.2,4.4,58.8,103.6,2.4,1384,1542154,94
95,39,3847,323,263,0.8,0.8,306175,83615,8.38,15.37,15.37,0,9.58,62.28,64.87,60.68,180.64,3,221,1037619,84
3,0,1777,146,85,1,1.4,61198,40040,1.2,1.6,1.6,0,1.4,1.6,1.6,91,108.2,1.3,457,1058109,90
34,15,884,154,88,2.2,2.4,535664,108937,0,0,0,0,0,7,13.4,176.8,191.6,1.6,2899,1795477,83
1,0,1016,104,89,0.4,0.2,261950,100828,0,0,0,0,0,0.8,1.2,35.4,54,2.6,1581,1537914,94
4,3,2142,321,196,1.4,1.4,668115,48198,5,16.4,20.4,42.2,1.6,3.6,4.4,98.8,171.6,1.5,346,1128446,84
10,1,1552,186,131,1,1.4,178399,72127,13.4,18.6,18.6,0,11.2,0.8,1.2,64.8,121,4.4,297,961802,88
2,2,223,14,16,0.2,0.2,7619,8803,0,0,0,0,0,0,0,15.6,16.8,1,6813,1827768,98
1,0,3839,317,164,0.6,1.2,97366,49773,1.4,1.4,10.38,12.77,0,8.78,8.78,62.48,100.4,1.5,157,1124760,86
33,7,3829,384,272,7.4,9,74593,51008,8.2,15.2,40,103.8,1,4.2,5,313.6,650.6,4.2,175,966250,73
13,12,3053,353,166,0.8,2,373103,39226,0,0,0,0,0,3,4.6,54,113,1.8,848,1126931,88
24,9,3080,259,206,4.6,4.8,806120,142362,7.6,9.4,9.2,0,4,10.6,15,213.8,411.8,2.5,206,1034381,79
13,5,2269,280,187,1,1,198481,65015,9.98,37.92,86.43,129.54,2.99,21.76,27.94,115.57,313.37,1,243,1090707,82
14,8,4553,630,444,7.2,5.8,369317,58485,11.4,29.2,54,99.8,7,5.2,5.2,399,674.4,2.2,208,1010824,69
4,1,2681,146,81,0.4,0.4,47057,9705,0,0,0,0,0.2,30.2,30.2,30.2,172.8,4.8,2727,1369683,91
0,0,186,15,16,0.2,0.2,17025,18527,0,0,0,0,0,0,0,15.6,16.8,1,2668,1771728,96
5,1,1056,159,90,3.78,2.39,392045,14382,0,0,0,0,0,1.79,1.79,264.94,268.13,2,11346,1873335,85
5,0,1732,144,79,0.4,0.4,163239,11850,0,0,0,0,2.8,2.6,23,26.4,101.8,1.6,442,1727851,91
2,1,1555,263,117,0.6,2,749837,68458,0,0,0,0,0,6.01,11.62,36.27,63.73,1,2255,1011769,93
6,5,1962,119,94,1.2,1.2,183425,37920,0.2,0.2,0.2,0,0,7.8,9.2,92.6,232.2,2,310,990739,88
2,0,2399,57,58,2.4,2.4,67724,39491,0,0,0,0,0,0.2,0.2,91.8,153,2.4,691,1763923,92
8,6,5435,151,107,2,7.19,71250,38841,0,0,0,0,0.8,0.8,1.2,257.49,183.43,3,606,1444337,81
1,1,555,25,30,0.2,0.2,2714,18782,0,0,0,0,0,0.2,0.2,15.6,25,1,649,1069200,97
13,0,4156,431,382,9.2,4.4,221914,53340,6.8,42.8,81.8,165.4,0,2.8,3.8,410.6,705.4,1.8,209,1029048,69
3,1,1127,107,53,1.8,2.8,218100,27522,0,0,0,0,0.2,25.8,26.6,98.8,211.4,1,2882,1014066,91
79,101,1076,143,103,0.2,0.2,49908,52017,5.17,10.14,12.13,4.97,0,0,0,15.71,25.05,1.7,140,1005056,93
0,0,1489,66,95,0.2,0.2,8486,21015,0.4,0.6,0.6,0,0,1,1,15.6,24.2,1,227,1067568,93
11,11,3963,447,315,0.4,0.2,372521,39189,1.6,3.6,3.6,0,10.6,2.6,3.4,21,32.8,3,203,1134622,86
1,0,3506,250,131,0.2,0.2,42730,93229,0,0,0,0,0,0,0,16.2,17.4,2.2,3194,1657128,94
8,0,2831,417,336,4.8,3.4,179630,72118,0,0,0,0,0,2,2.4,242.6,395.4,1,946,1064123,83
2,1,298,54,33,0.4,1.8,49708,11652,0,0,0,0,0,0.8,1.6,19,27,1.8,3916,1831197,92
11,8,1559,148,116,0.6,0.4,199193,222198,0,0,0,0,0,4.4,7.2,37.4,80.4,3.8,2410,1552424,94
0,0,160,17,14,0.2,0.2,2535,5991,0,0,0,0,0,0,0,21.2,16.8,1.2,8073,1834968,98
2,0,1367,83,63,1.4,4.2,97573,20902,2.6,2.6,2.6,0,1,0.6,0.6,54.4,81,1.4,215,1750114,94
5,0,4896,168,120,4,8.4,137924,143835,7.4,11.6,10.2,0,0.8,6.8,11.2,253.8,387,3.8,300,1015395,74
1,0,1380,58,61,0.2,0.2,54217,79770,0,0,0,0,0,0,0,16.6,17.6,2,4671,1726971,95
1,1,470,48,35,0.4,0.4,160644,60051,0,0,0,0,0,6.6,13.2,30.4,42.2,1,8717,1834907,95
2,1,2587,198,100,0.2,0.2,956702,135821,0,0,0,0,0,2.8,2.8,17,90.4,6,642,1306768,94
11,3,5387,362,355,2.8,2.2,298240,160510,0,0,0,0,0,8.4,9.4,262.8,264,7,396,1340256,77
2,0,1626,70,41,0.8,0.4,15766,21115,0,0,0,0,0,0,0,47.7,63.93,1.2,8342,1868431,96
9,0,4601,216,153,2,2.6,118313,27230,2.4,2.4,2.4,0,0.4,11,17.6,111.8,222.2,3.6,319,1111411,83
1,0,214,30,32,0.2,0.2,2422,6393,0,0,0,0,0,0.2,0.2,17.37,20.96,2,489,1738949,93
0,0,906,187,50,0.2,0.2,194669,144179,0,0,0,0,0,2.2,4.4,15.6,17.4,4,1082,1753923,95
14,18,282,23,29,0.4,0.4,7368,11958,0,0,0,0,0,0.8,1,29.8,40.2,1.2,7665,1871163,95
4,1,1919,126,121,0.8,0.4,32030,174094,2.2,2.2,2.2,0,0.4,2.4,2.4,57.49,95.21,1.5,232,978611,90
2,0,3500,380,219,0.4,0.6,120741,28679,0.2,0.4,0.4,0,0,6.4,7.8,33.4,59.6,1.5,257,1101704,91
32,10,2843,330,185,7.58,4.79,243642,129323,0,0,0,0,0,1.4,2.2,331.34,641.52,6.2,1048,1553491,77
0,0,189,12,15,0.4,1.2,435,6804,0,0,0,0,0,0,0,33.8,35.4,1,7918,1880896,98
1,0,2008,157,91,0.2,0.2,176272,59457,0,0,0,0,0.2,1,1.2,22,17.8,3.2,385,1702584,92
13,2,2362,112,92,0.6,0.8,40671,13680,0,0,0,0,0,16.6,100.6,42.4,172.8,3.4,4983,1410806,91
1,0,1030,49,34,0.4,0.2,94546,25256,0,0,0,0,0,11,14.8,31.8,71,1.2,717,1037518,93
0,0,1296,83,46,0.2,0.2,14795,12066,0.4,0.6,0.4,0,0.4,0.8,0.8,15.6,19.4,2,301,1709544,97
23,10,1365,196,145,2.8,0.8,97335,28899,0,0,0,0,0,0,0,137,185.6,1.8,7263,1863861,90
41,59,1487,167,82,0.2,0.2,119806,62598,6,7.2,7.2,0,1.2,6.8,10.2,15.6,85.2,1.7,174,980214,91
40,56,2735,180,137,0.2,0.2,364701,383083,0,0,0,0,0,1,1,14.83,22.65,1.3,1181,1017937,90
24,35,751,89,62,0.2,0.2,89416,20160,0,0,0,0,2.4,0.8,0.8,18.96,37.33,1,405,1009161,94
1,0,760,29,31,0.2,0.2,2795,15330,1,1.2,1.4,1.2,0.2,0.8,0.8,13.03,54.51,1,129,1016087,96
2,1,252,37,35,0.2,0.2,45099,27346,0,0,0,0,0,0.4,0.4,16.23,14.83,1,7293,1868226,97
3,0,3089,196,200,0.4,0.6,33992,134141,0,0,0,0,0.4,35.27,39.88,29.66,151.5,3,583,1063442,88
223,44,3169,245,254,0.4,1.8,341846,241158,14.6,70.2,119.2,137.6,0,14.8,26.8,32.8,194.8,1,143,1016059,83
2,0,3021,336,243,1.4,4.2,174664,129337,5.8,35.8,61.2,131.6,0.2,2.6,2.8,102.8,238,1.2,195,1089227,85
0,0,450,170,40,0.2,0.2,213146,200908,0,0,0,0,0,0.4,0.4,15.6,79.6,3.4,972,1744448,96
5,5,2307,116,91,0.2,0.2,67285,70594,17.56,25.15,25.15,0,10.78,7.58,11.78,15.57,36.13,1.2,148,1724532,93
1,1,149,12,14,0.2,0.2,8142,11981,0,0,0,0,0,0,0,15.6,16.8,1,8622,1868232,99
20,8,2659,167,106,2.8,3.6,366490,256385,11.6,39.6,56.2,68,4.4,3,5.2,197.8,326,4.8,174,1539835,85
1,0,383,100,33,0.6,0.8,654200,182333,0,0,0,0,0,0,0,34.4,50.6,2.8,5679,1837142,96
1,1,1199,75,59,0.4,0.4,19530,29379,0,0,0,0,0,0,0,38.2,48.4,2,3011,1707638,95
23,9,2195,171,141,2.4,4.4,121359,54590,20.6,25.4,25.4,0,15.8,19.6,24.4,128.8,218.2,3,195,1295782,83
6,2,3727,228,203,1.4,1.2,118911,202558,2.8,4.2,4.2,0,7,15.2,15.2,97.2,350.8,1,283,1001634,86
1,1,491,62,57,0.2,0.2,35989,9102,0,0,0,0,0,0.8,0.8,16,21.4,2.2,1081,1708304,96
0,0,186,17,29,0.2,0.2,463,2680,0,0,0,0,0,0,0,15.6,16.8,1,7420,1866392,97
34,46,1888,171,118,1.2,3.01,30939,20025,0.2,0.2,0.2,0,0.6,2.4,2.61,101.8,129.26,2,332,1106624,88
3,2,1042,93,71,0.4,0.4,85904,36139,0,0,0,0,0,0.2,0.2,29.8,57,2.2,1566,1538107,94
1,0,1195,52,68,0.2,0.2,19030,47276,2,2.2,2.2,0,0.2,1,1,18,17.6,3,192,1719048,97
0,0,494,23,24,0.2,0.2,1091,11026,0.2,0.2,0.2,0,0,0.8,0.8,15.6,16.8,1.2,284,1751064,95
1,1,2706,144,226,0.2,0.2,77750,480168,3.8,5.8,5.8,0,0.4,10.2,13,15.2,38,2.4,159,1386030,89
4,1,2727,232,132,0.8,2.4,10052,25310,4.2,5.6,14,34.2,0,10.4,11,49.2,93.8,1,147,983053,92
1,1,212,41,37,0.2,0.2,256240,253263,0,0,0,0,0,0,0,15.8,16.8,2.4,4639,1827776,97
3,0,1712,240,223,2.6,0.8,68879,24541,0,0,0,0,0,1.2,1.2,130.8,184,1,941,1064504,89
3,1,1084,95,34,2.6,3,406873,20007,0,0,0,0,0,8.6,16.2,102.2,382,2.6,7141,1873899,89
0,0,282,38,30,0.2,0.2,29983,7955,0,0,0,0,0,0,0,16.2,19.4,2,845,1722362,98
15,20,413,38,23,2.2,2.2,80964,22418,0,0,0,0,0,3.4,5.8,192.2,180.8,1.2,6812,1855458,88
80,45,4068,450,312,2.2,3.6,311482,221885,12.2,32.4,79.6,113.8,13.6,3.4,8.8,132,268.4,1,170,1097622,80
11,10,2961,141,102,0.2,0.2,94910,22005,0,0,0,0,0.6,3.59,3.59,18.76,54.89,1,329,976061,92
5,3,834,92,58,0.2,0.2,16364,32224,0,0,0,0,0,6.4,6.4,23,48.4,1,669,1018867,94
1,0,1773,98,121,0.4,0.4,48938,29183,2.2,3,4,1.8,3.2,3.2,5,37.6,82.4,4,150,1053547,92
58,33,3809,176,142,4,4.4,237419,121316,0,0,0,0,0.2,1.4,2,188.2,330.4,3.6,1202,1543408,83
156,164,5119,328,242,2.6,1.4,270639,219650,1.8,7.8,10.6,11,0,8.2,21.6,149.2,218.6,3.8,178,1328544,77
0,0,345,179,36,0.2,0.2,28958,14830,0,0,0,0,0,3.4,6.6,15.6,16.8,1.2,5286,1858259,96
9,1,1983,193,120,2.6,1.8,265901,36296,3.2,9,88,129,2,20,43.8,165.6,360,2.2,152,1122034,83
1,1,262,49,13,0.2,0.2,36285,9884,0,0,0,0,0,0,0,23.6,16.8,1.8,7914,1869864,98
3,0,1755,344,251,2.6,5.8,686906,120820,0,0,0,0,0,9,17.4,189,318.8,2.8,2492,1730610,81
3,1,597,59,42,2.2,2.2,196705,159142,0,0,0,0,0,8.8,15.6,216.4,201.6,1.4,5263,1842539,87
13,9,1555,165,96,0.6,0.6,90145,58107,1.4,4.19,4.39,0.6,1,2.4,9.38,36.33,88.82,1.5,207,967243,93
13,11,913,143,66,0.2,0.2,182190,185325,0,0,0,0,0,0.4,0.4,15.37,38.52,3,2558,1578943,96
64,91,2057,144,114,1,0.8,104539,55435,3.2,3.4,3.4,0,0.8,2.8,3,58,196.4,2.2,331,1014939,91
1,1,755,72,47,0.2,0.2,3357,10955,0,0,0,0,0,0.2,0.4,21.04,17.64,1.4,1266,1749158,97
24,7,1528,263,157,1.6,2.4,136375,55872,28.4,67,110.2,216.4,1.2,22.6,42.4,115.6,325.8,1.2,194,984714,83
29,33,1025,122,116,4.6,3.2,62602,24649,0,0,0,0,0,1,1.4,182.2,273.6,1.6,7207,1874082,90
9,0,3332,291,220,2.4,1.6,202138,67219,2.6,3.2,4.8,4.2,1.8,2,2.6,151,241.2,1.3,204,1089602,86
0,0,574,41,39,0.2,0.2,1714,16923,0,0,0,0,0,0,0,15.8,16.8,2,1053,1763003,93
7,3,267,46,14,0.2,0.2,280930,20146,0,0,0,0,0,0,0,16.2,18.6,1.6,7252,1848043,97
0,0,485,44,30,0.2,0.2,8144,16480,0,0,0,0,0,0,0,15.6,16.8,1.4,332,1752946,97
0,0,355,34,33,0.2,0.2,721,7999,0,0,0,0,0,0,0,15.57,16.77,2.2,4090,1773341,93
4,4,1333,93,90,0.4,0.6,160801,50962,0,0,0,0,0.6,0.2,0.2,35.27,101.2,2.2,572,1128707,91
1,0,1407,59,63,0.2,0.2,9532,14289,0,0,0,0,0,0.6,0.6,31.6,36.8,3,1225,1723778,96
19,8,4413,146,107,2.8,9.8,309773,120556,0,0,0,0,0,0.4,0.4,241.8,242.6,4.6,949,1539846,76
1,0,1412,112,121,0.6,0.6,32016,40720,0,0,0,0,0,3.6,3.6,55.2,69.6,3,2511,1701450,91
1,0,1729,125,58,0.2,0.2,169465,22569,0,0,0,0,0,0,0,15.6,16.8,2.4,6122,1729688,95
16,1,1933,419,153,0.2,0.2,404583,184246,0,0,0,0,0.4,23.2,45.4,22.8,61,4.8,2811,1603837,90
71,95,1799,188,93,1,2.8,664266,115590,0,0,0,0,0.6,2.6,3,117,124.2,2.2,1950,1004462,88
17,24,917,168,61,0.8,0.8,561752,238652,0,0,0,0,0,0,0,65.87,86.23,2.8,1022,1756295,93
21,14,4043,483,428,6,1.6,200212,31160,0.6,0.6,0.6,0,0,0.2,0.2,290.2,432.4,1,235,1074389,80
1,0,1423,104,65,0.2,0.2,4577,25310,0,0,0,0,0,11.6,11.6,28.2,45.4,2,631,1069803,94
20,30,1247,158,131,0.6,1.2,77944,30633,0,0,0,0,0,1.8,4.6,41.4,85,3.6,1360,1074344,92
22,13,2209,132,56,8.18,20.56,152594,18607,0,0,0,0,0,6.99,8.78,355.49,566.87,1,744,1098283,76
15,11,1243,154,50,4,4,947897,21624,0,0,0,0,0,0,0,172.6,286.2,2,3132,1845621,88
2,0,1734,89,61,1.2,2.8,39725,23738,0,0,0,0,0,7.6,8.6,81.2,138.4,1,1452,1085187,89
3,1,2428,149,108,0.4,0.4,20081,174651,4.8,5.2,5.2,0,0.6,1.6,1.6,32.8,58.2,2.4,237,1519549,94
1,0,223,13,21,0.2,0.2,5489,70655,0,0,0,0,0,0.2,0.2,22.2,18.8,1,7369,1862755,98
4,2,2065,171,133,1.6,1.4,47486,64173,0,0,0,0,0.6,2,2.2,103.6,131.2,2.5,531,1059970,89
7,2,2570,277,119,2.58,4.37,250167,21618,8.55,60.24,134.39,419.88,0.4,96.02,96.62,152.09,460.83,1.3,118,1123723,82
5,2,1065,82,32,1.2,7.4,313886,8359,0,0,0,0,0,5,5.2,84.6,109,2,3223,1741526,92
9,2,1831,158,119,0.6,0.8,104249,56308,0,0,0,0,0,4.4,5.2,83.4,162,5.8,480,1521358,90
177,197,2319,186,134,0.6,0.8,367421,41690,0,0,0,0,0,1.8,2.6,49.4,76.4,1.2,533,1094643,88
5,2,2073,73,62,0.2,0.2,9212,28959,0.8,0.8,0.8,0,0.4,2.2,2.2,16.6,51.4,2,278,1014352,95
1,0,678,94,86,0.2,0.2,16341,28843,0,0,0,0,0,1,1.2,15.8,22.2,1.3,394,1091904,97
24,32,366,25,37,0.2,0.2,7746,113906,0,0,0,0,0,0,0,17.2,17.4,1.2,5685,1840018,96
2,1,452,116,58,0.4,0.4,255513,172909,0,0,0,0,0,2.2,2.8,36.2,42.2,2.8,4047,1827405,91
2,1,2648,199,159,1.6,2,115891,220023,0,0,0,0,0.4,10,14.8,131.6,248.6,3.4,498,1016256,83
31,0,1033,174,73,0.8,0.8,506006,16902,0,0,0,0,0,12,71.4,63.6,176.4,3.8,389,1718456,90
6,1,2257,87,74,0.8,4.4,132983,35334,2.6,4.6,4,0,1.4,7.2,24,33,82,2,168,1024461,93
29,11,984,106,79,5.2,3.2,132091,47371,0,0,0,0,0,2,4.4,217.6,419.8,4.8,6101,1707683,87
3,1,1044,32,44,1.2,2.6,54971,146349,0,0,0,0,0,0,0,93,118,1.4,6888,1852709,93
5,4,796,58,51,0.2,0.2,16130,37792,4.01,6.41,5.61,0,1,1.8,1.8,19.24,59.52,2,234,1011745,95
21,33,744,77,22,0.2,0.2,254058,8938,0,0,0,0,0,0.2,0.4,15.6,17.4,1.6,1836,1752528,96
753,22,2350,146,111,2,0.6,259768,129649,0,0,0,0,0,25,25,97.6,136.2,2.2,4728,1845357,74
65,77,2089,183,143,0.8,1.4,143046,144665,0,0,0,0,0,1.4,2.6,68,142.8,3.4,791,1631507,86
1,0,1011,56,56,0.6,1,15493,18387,0,0,0,0,0,19,19,49.6,139,2.8,739,1089934,93
12,1,3039,191,121,7.4,23.8,158848,24306,1,1,1,0,0.6,4,4,269.6,495,1.8,287,1085333,74
3,2,2490,325,227,0.6,2.2,211769,308763,0,0,0,0,2.4,11,12.6,54.4,146.2,2.2,410,1381683,89
6,4,1258,109,90,0.2,0.2,89056,23533,0,0,0,0,0,1.4,11.8,16.6,23.8,1.7,1785,1092926,94
2,1,214,10,14,0.2,0.2,9873,44773,0,0,0,0,0,0,0,15.57,16.77,1,7731,1866403,98
68,55,1596,181,170,2.2,1,56289,51077,19.84,44.49,96.39,190.18,0.4,26.45,51.3,113.23,228.46,1.5,160,951163,87
14,9,4058,263,227,7.01,4.41,173227,92769,2.2,3.61,23.85,43.29,1,4.01,4.41,311.82,482.57,2,293,1123827,75
1,0,1634,151,66,0.2,0.2,212436,200402,0,0,0,0,0,11.2,11.2,20,47.8,4.8,2524,1604440,94
7,1,4504,303,255,1.2,1.8,164442,165346,19.4,42.6,57.8,54.4,0.2,9.6,17.8,132.2,136,1.4,150,1000069,80
10,3,417,23,40,0.4,0.4,26568,27852,0,0,0,0,0,0,0,32,38.6,1,6217,1856637,98
0,0,1774,100,66,0.4,1.8,109071,26956,10,17.2,24.8,47.2,2.6,1.2,1.2,33,58.6,1,176,1009816,91
5,2,2929,387,204,2.6,2.6,288065,215294,14.4,29.6,26.4,11,3.6,2.2,2.6,142,249.2,2,315,1130874,81
3,1,3629,244,127,0.4,0.4,863112,81425,0,0,0,0,0,0.4,0.6,53.8,38,3.6,1376,1542600,91
1,1,212,18,28,0.2,0.2,7031,19891,0,0,0,0,0,0,0,15.6,16.8,1,7364,1867155,98
30,43,3816,139,157,0.6,3.2,47471,329880,0.2,0.2,0.2,0,0.2,12,12.6,24.6,70.4,2.4,2097,993981,87
5,1,4402,697,228,2.6,5.2,336839,31786,1.6,1.6,1.6,0,1,20.8,33.2,143,291.6,1.3,275,1135856,81
7,0,3851,377,302,5.96,2.19,189893,18213,0,0,0,0,0,0.99,1.99,273.76,457.06,1,1970,1070584,77
26,27,2912,454,369,7.4,2,206378,14665,0,0,0,0,0,0,0,365.8,525,3,11640,1881640,80
3,1,2193,97,80,0.4,0.4,6145,51522,0,0,0,0,0,0,0,34,34.4,2,3257,1657443,96
30,6,5661,339,186,5.19,10.98,275673,49066,5.59,14.17,50.3,99,4.19,7.78,8.98,318.76,497.01,4,144,1456497,73
1,0,2832,131,92,0.2,0.2,9102,53734,0,0,0,0,0,0.4,0.4,15.6,23.6,2,506,1629285,95
7,1,2544,135,126,1.2,2.4,69693,23159,0,0,0,0,0,2.6,2.8,87,143,4,2892,1375262,91
22,13,3581,211,134,1,1.2,312204,31194,0,0,0,0,1.2,4.4,5.4,90.6,164.8,4.2,871,1529306,90
1,0,1704,82,159,0.2,0.2,59686,170281,0,0,0,0,0,5.19,7.19,12.77,17.56,1.4,7735,1867811,94
42,58,2302,145,125,0.4,0.6,10686,50059,0,0,0,0,0,10.22,10.42,32.26,92.38,3.8,336,1064146,90
5,0,2392,234,182,1.4,1.6,352015,308529,18.76,65.67,132.14,256.09,0,31.54,61.28,69.66,113.77,2,123,1057613,85
1,1,484,53,27,0.4,0.4,133297,20706,0,0,0,0,0,2,3.8,31,43,1,8767,1835240,97
17,23,225,13,13,0.4,1.6,17132,12514,0,0,0,0,0,0,0,19.8,23.8,1.2,4179,1821682,94
