"A","B","C","D","E","F","G","H","I"
62,216.7,491.2,255,513.3,207.6,593.8,463.9,250.3
67.2,253,489.1,197.1,516.4,268.2,659.2,436.2,220.7
62.5,234.7,491.2,160.2,477.8,211.1,279.3,299.7,231.9
65.6,238.7,692.3,161,499.8,256.7,280.6,304.1,217.9
117.7,258.6,488.5,160.3,498.2,242.6,281.8,303.5,254.4
67.2,255.1,602.8,160.1,505.9,193.2,279.9,308,237.9
68.6,247.6,736.8,160.9,515,175.2,280.9,299.1,237.3
61.7,253.5,491.8,160.5,478,112,281.4,304.2,247.5
61.3,257.8,720.4,162.5,508.6,257.5,285.3,297,254.6
61.6,158.6,485.8,160,477.9,47.1,630,476.7,178.7
64.9,247.3,486.9,160.2,477.6,104.4,279.5,321.3,247.7
62.1,234.3,485.2,159.9,477.8,211.1,279.3,297.5,251.9
109.4,243.3,485.1,160.1,512.4,217.9,279.5,296.5,217.6
122.6,252.8,487.3,160,515.3,105,279,302.2,213.3
65,238.5,651.3,161.7,508.8,230,279.5,299.7,242.1
62.1,170.3,487.8,160.7,477.6,48.7,435,466.7,179.6
62.8,234.1,496.8,160.4,479.7,174.3,282,305.8,247.9
62,250.6,795.3,160.6,509.3,189,280.8,318,235.8
62.7,236.2,485.2,160.4,478.8,255.4,282.3,296.6,248.9
67.4,226.3,485.3,162.6,477.8,116.3,280.2,299.4,250.9
61.6,255.9,832.7,160,501.9,139.4,282.2,297.7,252.7
114.2,259.2,491.1,160.1,510.9,84,281.1,297.2,243.5
62.7,161.2,485.9,161.3,477.7,49.8,427.4,432.4,178.7
115.1,248.9,485.8,160.1,509,254.5,280.6,296.6,229.3
68.1,170.5,484.9,163.2,477.7,47.1,601.8,471.5,178.4
64.3,162.8,484.8,160.6,478.9,47.4,345,457.2,178.8
62,258.9,485.7,163.6,500.1,51.7,617,480.6,241.7
66.9,237.7,833.6,166.6,501.8,148,285.1,297.3,255.5
108.7,246.5,487.2,161.7,516.7,112.5,279.7,296.6,250.2
61.8,236.7,818.4,159.9,503,266.5,279.4,297.5,235.4
62.3,158.8,484.8,161.2,477.7,50.4,534.9,453.6,178.5
114.9,231.2,485,160.9,498.5,169.6,279.8,298.3,247.1
100,248.7,488.1,165.5,501.4,231.7,279.1,301.6,236.8
61.4,257.8,485.8,160.2,477.8,189.1,281.6,300.5,234.8
64.1,254.7,484.7,160,501.2,47,662,485.6,249.7
117.8,255.1,485,160.8,512.4,202.3,279.1,300.1,235
63.5,255.3,485,160.6,477.7,205.5,282.5,297.1,229.4
73.1,239,485.1,161.2,478.1,174.6,279.2,300.4,224.2
61.7,256.5,712.1,160.1,512,261.3,280.7,299,215.5
61.4,256.3,485.2,160.7,478.2,231.1,280.6,298.9,233.1
61.4,257.4,635.1,160.3,510.4,183,280.7,304.1,234.3
61.2,228.9,485.8,161.5,502.6,47.5,577,447.6,248.8
61.3,252.8,686.8,160,507.7,114.1,279.7,296.9,213.9
122.3,238.6,486.6,161,510.1,235.6,297.4,300.1,249.1
61.9,160.2,484.9,161.1,477.7,47.6,474.4,471,178.5
61.5,239,787.8,160.1,493.6,267.5,279.3,307.9,222.9
64.6,250.2,488.4,162.4,477.6,202.9,280.2,319.5,221.1
63.4,254.1,487.1,283.4,489.4,246,596.4,457,207.4
65.6,255.4,485.1,162.8,478.3,162.5,279.1,297.8,240.1
61.6,160.4,484.8,160,477.7,48.1,539.1,470.9,178.7
61.4,246,488,159.9,477.7,251,279.8,299.8,200
61.4,252.3,864.5,160.1,499.7,187.2,280.7,298.1,255.9
61.5,158.7,484.8,160.5,477.8,46.9,443.4,418.2,178.5
61.2,160.5,486.8,160.7,477.9,52.6,555.4,470.8,178.5
61.1,254.5,484.9,160.2,477.9,168.7,279.3,296.7,231.5
61.8,158.8,485.5,160.7,477.8,46.9,596,480.7,178.6
62.3,159.1,486.2,159.9,477.7,47.1,462,471.1,179.1
61.9,258.8,485.8,160,477.7,223.3,281.6,314,246
72.1,158.7,486.4,160.4,477.6,47.7,333.4,443.1,180.5
62.3,159.2,491.8,160.6,477.7,47.5,435.6,482.9,179.4
61.2,158.9,485.4,160.2,477.8,47.1,459.3,476.5,179.6
70.2,233.2,843.4,161.3,510.3,181.2,279.1,297.9,244
61.2,163.3,485.1,160.8,477.9,50.7,560.4,462.3,178.9
62.5,258.8,486.2,212.4,502.5,265.3,444.2,418.8,240.2
61.3,218.3,485.2,161.4,477.6,217.5,279.5,299.4,198
61.6,250.6,486.4,164.2,477.7,243.1,285.7,317.7,236.4
61.3,247.9,484.7,161.2,477.7,235.5,279.9,304.3,213.8
62,231.7,486,164.3,477.7,249.7,280.2,304.3,221.9
63.6,255,485,161.1,477.9,219.8,283.1,313.3,243.8
111.7,259.2,485.1,160.4,516.1,250.5,284.2,300.6,211.9
119.2,255.3,486.9,161.1,509.3,153.9,279.9,297.3,253.4
62.7,257,666.9,160.1,508.1,106.9,280.2,309.8,249.6
62.2,230.1,485.7,160.4,499.3,49.3,508.4,484.6,251.1
63.1,242.7,584.5,160.7,510.3,224.6,284.1,313.3,248
62.8,247.4,485.6,160,477.7,226.2,279.5,300.4,232.9
122,211.2,487.2,159.9,496.9,247.6,279.7,300.6,236.8
61.2,260.4,485,161.9,506.1,47.2,625,475.7,253.6
65.1,256.4,487.1,241.4,514.2,117.2,425.3,488.5,229.9
110.2,239.3,492.8,160,511,268.8,279.8,308,249.6
62.3,186.3,485.4,160,477.6,47,454.1,415.2,178.7
62.3,256.3,485.8,160.6,515.8,49.7,539.2,433.4,251.3
61.9,162,485.2,160.4,477.6,47.4,672.5,441.8,178.5
122.7,255.8,488.4,161,502.9,134,279.2,298.8,216
67.9,243,484.9,160.3,478.7,232.7,279.9,300.2,250.9
63,258.1,486.9,160.1,477.7,183.7,279.7,304.7,231.5
62,169.1,486.7,160.1,477.9,50.9,676.7,487,178.7
61.2,236.3,893.8,160,495.2,182.7,281,305.4,253.9
64.6,256.2,495.4,160.1,500.7,47.6,661.6,458.4,211.3
112.4,241.7,484.8,161.2,483.2,207.2,281.8,303.4,226.6
66.7,159.2,488.2,160.9,477.9,47,657.3,445.8,178.8
61.8,261,730.2,160.5,510.4,196.8,279.8,307.3,206.2
63.5,259.9,805.5,162.8,506.6,138.4,281.8,300,242.4
62.5,246.5,493.7,160.4,478.4,136.3,280.1,306.4,217.6
105.4,256.5,485.1,160.5,491.5,198.7,279.2,298.4,242.6
106.7,249.2,485.2,160.6,511,136.5,283.9,322.9,244
63.5,256.1,488.8,160.7,477.7,219,280.3,306.1,218.6
63.3,224.3,484.9,160.1,517.6,48.8,445,469.2,252.4
62.6,260.3,486.2,161.1,495.7,48.3,458.9,477.7,218.1
61.3,234.2,879.2,160.1,516.9,252.4,282.8,316.7,231.9
62.3,259.2,490.4,161.3,477.8,220.1,281.1,297.7,234
65.7,253.6,841.1,160.3,501.6,235.1,279.7,297.9,212.7
61.6,166.1,485.2,161.3,477.8,48.7,540.2,472.3,178.5
62,250.7,876.1,161,497.2,223.3,279.5,299.6,207.6
62,166.5,486,160.1,477.6,47.8,502.7,428.5,178.7
63.6,241.1,766.6,161.4,506.3,149.5,281.7,299.4,237
61.4,256.7,485.3,232.2,503,263.5,623.9,460.2,255.3
63,160.9,485,160.1,477.8,46.9,364,485.7,179.3
61.8,160.6,485.2,161,477.7,48.2,664.7,471.7,181.3
62.3,162.5,485.5,171,478,47.1,597.4,484.3,179.8
114.2,258.1,490.2,160.6,504.3,256.3,279.8,304.3,232
61.9,237.2,485.2,160.1,495.7,48.3,521.9,474.8,251.8
62.1,257.9,751.5,160.8,517.5,263.6,279.2,307.7,222.9
61.9,244.3,485.1,160.2,478,265.8,279.2,301.6,244.4
61.9,257,607.2,165.7,507.2,192.2,284.1,298.9,237
62.2,159.7,485.7,159.9,478,47.2,458.7,450.6,185.4
117.8,239.8,485.3,160,486,251.5,279.2,313.8,227.6
62.8,225.8,614.1,162.7,505,164.2,280,297.6,252.5
63.8,237.3,488.6,163.5,477.7,115.7,283.4,303.7,230.5
72.4,159.6,486.3,159.9,478.6,47.4,558.3,474.2,178.5
62.8,258.9,485.1,160,477.8,243.1,294.9,305.8,251.3
62.6,245.8,592.2,160.4,514.3,102.7,279.3,319.7,250.9
64.8,254.8,485.9,161.6,477.6,194.9,279.3,328,243.8
61.2,246.8,489.1,160.4,477.9,227.8,279.1,298.7,250.1
62.1,168.1,484.8,161,478.3,48,526.8,465.5,179.5
65,160.7,489.3,162,477.7,48.4,634.1,486.6,178.5
116.2,257.8,485.1,160,493.2,242.1,279.4,296.8,256
63.6,251.3,486.6,162,501.6,47.3,358.6,485.1,239.6
67.7,242.6,859.4,160,511.4,240.3,279.5,300.4,242.4
62,158.9,485.2,159.9,477.9,48.1,544.6,407.7,180.3
69.8,236.2,486.2,160,477.8,221.3,285.3,305.2,226.1
113.7,255.9,488.1,161.6,503,205.6,279.3,305.6,249.8
112.5,229.8,488.7,161.7,507.6,137.6,280,305.8,250.8
62.5,255.5,486.6,160.1,477.6,236.9,279.4,296.5,239.8
61.5,160.2,491.4,159.9,477.7,51.1,460.8,442.1,178.7
67.1,161.6,484.8,160,478.6,47.2,668.8,391.8,178.4
61.4,159.8,485.3,160,477.7,47.3,524.5,485.3,178.7
63.6,236.1,793.5,160.3,509.8,230.4,283.3,301.2,217.7
63.1,159.1,486.5,159.9,478.3,49,669.9,437.8,178.9
62.5,159,489.1,160.3,477.8,47.1,400.7,480.6,181.1
62.3,231.8,484.9,161,478.5,77.1,279.7,302.4,245.1
62,159.5,500.6,163.9,478.1,47.9,666.6,471.9,179.1
61.7,230.4,782.7,160.7,505,167.3,279.2,301,225.6
122.7,238.7,489.6,160.1,502.6,241.7,281,303.2,252.3
63,160.2,486.3,160.6,477.7,47.2,562.9,399,179.5
63.5,258.1,775.2,160.5,508.8,243.6,279.4,302.3,217.1
62.6,247.8,485.3,160.9,478.8,242.2,281.3,319.3,246
61.3,164.2,493.6,160.5,477.8,46.9,656.9,459.4,179.7
61.6,253.8,865,161.5,502.7,227.5,296.2,296.6,250.7
119.8,240.7,484.8,160.7,509.6,268.5,281.2,314.3,253.6
61.4,243.3,754.1,160.2,513.8,142.2,279.2,306,242
61.7,216.2,487.6,163.8,498.6,48.7,580.6,452,250.8
66.2,260.6,486.5,160.4,511.9,47.2,450.7,472.2,216.5
61.7,254.4,487.2,161.7,477.6,248.8,280.5,297.6,256.1
61.4,248.3,485.8,160.1,477.7,214.3,280.6,297,228.3
61.2,258.9,486.1,161.8,477.7,260.5,280.5,304.1,229.1
61.5,252.6,488.4,160.5,478.5,176.6,279.3,305.7,235.9
63.5,249.6,485,160.4,477.7,111.9,279.3,297.8,245.7
63.7,250.3,756.4,159.9,490.8,222.5,279.1,303.2,225.2
63.5,244.1,829.6,160,515.5,178.5,287.9,312,230.7
62.2,246.5,484.8,160.7,510.8,50.7,658.6,445,227.5
105.5,244.1,485.3,160.8,512.6,268.9,280.4,305.9,227.7
61.9,242.6,484.9,162.6,477.6,171.6,279.6,299.8,236.9
108.2,254.2,489.4,160.8,516.6,202.9,279.4,298.3,245.9
61.2,161.7,486,159.9,477.8,47.6,585.9,480.9,178.4
62.5,222.9,488,161,505.3,47.3,635,487.2,245.1
63.9,161.9,485.3,162.4,478,48.4,510.3,482.3,179.2
121.7,254.3,485.1,160.8,504.4,208.1,279.2,307.1,244.7
62.7,160.6,485.3,160.2,477.7,47.6,591.7,438.9,178.8
61.4,254.5,486.3,160.1,478,205.4,279.1,298.9,233.7
76.1,245.8,485.3,161.9,512.2,48.2,635.1,478.5,194.9
111.5,258.9,487.5,160.9,510.9,268.4,280,299.3,230.8
61.3,257.1,485.7,160,477.7,219.9,280,300,205.6
63.2,256.9,614.3,160.1,498.6,244.5,280,303.9,214.8
62.2,160.4,508.4,167.2,477.7,51,664.6,479,178.8
68.8,258.6,485.3,160.8,477.7,126.4,281.9,298.9,252.5
61.6,215.5,484.8,163.6,510.9,49.1,616.6,476.1,247.3
61.2,258.1,484.8,160.1,477.7,196.1,280.1,296.9,237.1
61.8,222.3,488.7,161,478,222.7,283.2,302.6,234.3
63.1,255.9,786.4,160,496.3,241.6,288.9,298.1,211.2
61.6,250,874,160,504.5,267.9,280.9,298.2,249.7
61.3,251.1,485.3,160.9,504,47.9,552.5,461.8,252.7
62.3,170.2,495,160,477.7,47.1,519.3,438.9,179
66,236.3,484.8,160.8,510,48.3,677.9,399.8,241.8
63.7,259.4,488.5,160.4,506.1,47.1,512.6,466.5,245.4
62.5,249.9,894.4,160.1,505.1,230.4,279.2,311.5,247.4
63.3,258,484.8,277.6,512.4,252.1,576.8,477.2,228.7
62.2,256.5,486.3,224.4,505.8,259,484.9,488.2,246
62.2,159.8,485.5,162.2,477.7,48,474,456.5,178.6
65.7,255.3,484.8,161,477.8,91.7,280.9,297.4,251
64.1,159.7,484.8,160.9,477.6,47.3,543.9,466.1,179.6
113.3,251.3,486.3,160,513.2,153.7,279.1,316.9,232.9
61.2,257.5,487.9,161.3,512.3,47.5,629.1,461,235.6
66.6,233.4,486.2,259.9,497.6,269.1,605.3,484.9,252.1
94.4,230,486.1,160.2,502.4,145.9,279.3,298.5,240.8
61.6,250.4,487.6,160.5,478.3,217,283.6,298.3,229.8
120.9,240.7,486,162.1,503.9,191.5,279,300.2,252.9
63.6,258.1,486.1,160.8,477.8,248.1,285.1,336.7,203.9
61.2,241,890.9,161.3,517.6,234.7,279.3,305.5,255.6
62,242.7,486.6,160.5,505.4,50.6,593.6,460.4,228.2
63.5,166.7,485.9,161.2,477.7,47.5,606.7,464.3,178.6
69.2,159.3,485.9,160,477.7,47.5,570.3,464.4,179.3
120,260.9,485.3,160.9,502.3,201.2,280.1,297.3,219.3
61.6,258.1,486,160,477.7,178.7,280.3,356.8,219.3
61.2,247.3,485.4,160.1,477.8,191.7,280.5,318.3,255.1
61.6,161.8,484.8,160.5,477.7,49.1,603,418,178.7
62,257.6,486.8,160.5,477.8,270.1,279.4,313,240.9
61.3,245.9,485.5,160.4,477.7,170.6,284.2,296.4,215.5
67.5,260.5,486,160.2,509.6,48.6,423.4,455.1,199.9
117.8,259,485.1,160.4,515.4,262.3,279.7,299.5,252.6
61.2,159.8,485.4,160.4,477.8,50.4,400.8,397.3,180.4
89.9,256.7,489.7,161.4,496.2,186.8,280.2,296.8,243.3
62.5,248.9,485.4,292.2,513.8,197,660,481.4,250.5
63,234.5,811.3,160,495.9,167.7,279.3,301.1,250.9
61.3,161,485.7,160.3,477.6,47.1,678.2,460.6,178.6
61.6,254.7,485,161.2,517.4,47.2,631.3,465.1,236.9
61.2,256.5,484.8,160.3,503.8,48.6,663.6,488.2,252.4
61.2,257.1,485,160.4,477.9,208.9,279.9,321.8,250.6
61.2,257.9,490.8,163.6,477.6,221.8,279.4,319.1,229.4
63.8,163.9,484.8,162,477.6,49.8,662.5,439.3,178.6
123.4,233.4,485.4,161,513.2,108.8,279.1,306.2,244.9
114.1,229.4,485.6,160.9,513,137,282.5,304.3,226.8
65.8,210.7,486.5,160.6,477.9,251.9,282.2,301.3,217.3
61.4,250.8,488.6,160.9,477.6,122.9,279.8,298,246.6
119.3,239.4,485.1,161.1,497.1,194.8,280.5,296.7,239.4
61.9,237.9,837.4,160.4,507.4,243.5,279.4,302.2,245.2
62.9,160.5,486.7,160.5,477.7,48.2,451.2,471.2,179
61.9,257.2,767.4,160,508.2,132.2,280.6,303,237
65.5,260.5,485.1,164.3,477.7,209.5,280.1,306.7,250.1
63.3,161.1,486.9,161.5,477.7,47.7,650.4,449.2,178.6
61.8,246.1,895.4,160.7,499.2,201.6,279.5,299.9,252.9
62.5,254.2,604.5,161.2,508.8,209.2,280.6,347.3,242.5
66.1,258.3,781.9,162.4,511.7,144.5,279.2,301.1,247
115.9,242.4,492.8,160,510.6,216.1,279.9,308.2,201.7
115.9,246.1,486.2,160.6,490.8,239.8,279.4,307.4,256.2
63.2,255.8,497.1,160.2,514.7,48.4,566.6,445.9,242.2
65.3,239,485.1,161.1,515.9,47.9,657,458.5,237
62,249.9,707,160.2,515,268.9,280.3,309.5,234.3
66.5,159.7,488.5,160.1,477.7,47.8,452.8,430,178.8
61.7,159.3,488,160,477.9,46.9,608.7,485.7,178.4
75.9,257.5,809.2,160.4,508.3,199.5,279.6,325.7,240.9
110.9,238.8,485.9,160,510.9,244.7,281.9,299.9,205.6
119.5,222,491.4,161,507.2,229.6,280.7,299.8,248.1
62.3,243.3,487.4,161.8,477.8,182.2,279.3,298.3,223.9
105.3,223,485.4,160.2,513.1,161.6,282.1,297.2,248
61.9,158.8,489.9,161,477.7,47.4,440.9,483.8,179.3
61.4,252.5,485.5,160,477.8,261.7,279.3,302.1,250.4
119.8,256.1,485.1,160,513.2,238.1,280.4,301.3,235.4
62.5,259.6,485.1,161.7,477.7,194.3,282.9,303.9,217
66.8,246.4,486.5,280.6,514,179.4,612.1,481.2,250.1
61.2,258.8,878.3,160.6,501.5,153.6,280.1,315.3,222.3
63.8,239.5,821.6,160.2,493.7,177.2,281.3,301.2,223.3
61.4,161.3,488,160,477.8,47.5,676.5,482.5,178.8
61.5,162.1,485,159.9,477.7,47,505.1,488.5,179.3
103.7,252.7,484.9,160.3,506.2,236.5,280.8,298.6,212.5
63.4,259,486.1,161.3,477.7,163.7,280.4,310.4,233.7
65.2,237.6,488.8,159.9,494.7,49.4,454.9,450.8,233.9
115,225.8,484.9,165.3,503.1,256.4,280.9,296.4,215
72.6,254.7,485.1,160.2,477.7,137.5,280.4,314.4,211.8
64.8,260,485.3,160,477.6,193.3,279.3,305.6,250
66.3,254.7,841,160.3,491.9,248.8,290.6,303.3,250.4
61.5,259.6,497.2,160.1,478,129.5,279.1,299,244.2
62,256.9,485.7,160.4,509.1,47.5,545,485,249.2
62.3,260.9,682.1,161,508.7,111.2,279,298.9,246.2
102.1,257,487.2,160.5,500.4,222.2,279,299.4,244.8
61.9,260.7,484.8,248.8,512.1,235.7,530.2,456.6,251.3
62.1,240.5,813,160.2,510.9,129.1,285.9,311.1,233.9
105.7,256.1,485.7,160.8,515.1,218,279.4,300.9,209.9
61.5,160.5,485,160,477.7,48,647.1,438.1,178.8
118.6,260.8,487.1,162.7,513.2,244.7,279.2,300.9,246.1
61.7,258.3,486.4,161,495.3,49.4,582.8,454.2,225.4
61.3,160.2,485.1,161.3,477.7,47.2,613.6,469.6,178.6
63.1,230.6,611.7,160.6,494.4,202.9,279,299.2,244
64.2,251.8,485.4,257,487.5,150.4,651.4,454.1,248
61.7,253.6,485.4,161.6,478.1,230.1,279.9,303,226.6
62.1,230,484.9,160,478.4,94.1,279.3,315.6,228.4
99.6,244.3,487.5,160,507.2,234.2,281.6,305.7,237.8
62.8,258.9,600.4,160.7,499.4,224.9,279.3,309.9,223.6
113,251.8,492.5,160.2,506.9,254.4,283.7,297,215.7
63.9,236.6,485,161.1,477.8,223,280.5,305.7,248.3
67.6,170.6,486.3,159.9,477.6,48.9,674.9,474.5,178.7
64,248.7,741.7,160.5,512.3,185.2,279.2,296.9,237.3
61.8,258.8,490.5,160.3,517.3,47.8,628,448.6,233.7
109.8,258.4,488,160.5,487.9,252.6,286.6,310.8,234.2
64.4,223.1,627,161.3,516.9,188.8,279.3,302.5,219.6
61.4,250.9,491.6,282.7,499,151.2,507.7,471,243.2
111.4,256.6,486,160.2,504,259,279.4,315.3,250.8
63.3,242,822.2,160.6,508.3,242.1,279.6,307.5,242.8
116.7,236.1,485.7,164.9,516.5,93.6,280.2,301,231.2
63.3,160.9,484.8,160.1,477.7,48.3,337.9,467.1,178.9
62.1,161.9,498.1,161,477.7,48.4,586.2,484.1,179.2
65,160.3,497.8,161.5,477.7,55.3,470.5,475.4,178.6
61.2,163,484.8,164.1,477.9,47.4,390.1,438.5,181.1
103.7,251.3,486.4,160.1,507.4,238.8,279.1,300,253.8
61.4,253,563.5,160.9,512.9,268,280,308.2,199.8
62.2,232.1,485.3,160.3,494.4,47.7,650.2,457.3,223.1
63.3,161.7,486.2,161.5,477.7,48.4,578.5,446.6,178.5
61.4,259.9,484.8,160.3,477.6,272.3,280.2,299.3,234.7
64.9,159.7,486,163.1,477.8,47.2,663.2,448.9,180.6
61.5,226.3,491.8,160.1,517.6,47,652.7,482.4,208.3
67.6,176.1,486.6,160,477.7,54.4,613,471.8,178.9
63.7,159.2,484.8,159.9,477.7,49.4,522.9,479.9,179.7
62.4,248.5,486.7,160,477.9,127,280,301.8,252.4
117.7,231,484.8,160,514.8,194.1,282.7,300.3,227.7
61.5,159.7,486.2,160,478.2,47.6,434.6,473,178.6
120.1,233.8,490.3,159.9,488.7,229.5,281.9,301.1,224.8
63.4,165.5,488.9,161.3,477.7,54.6,665.1,484.8,178.8
61.8,237.9,486.2,161.7,477.7,205.2,279.9,317.4,224.5
61.9,247.3,486.6,160.1,516.4,49.7,583.4,461.1,244.9
61.9,160.7,486,160,477.7,48.6,623,484.8,179.4
61.7,255,622.3,160.3,509.8,240.2,280.3,310.7,235.4
62.7,245.8,872.9,160.6,516.8,233.1,279.7,300.4,233.8
116.9,259.6,484.8,160.3,501.5,217.4,281.9,298.5,234.9
63.3,252.6,486.9,160.2,505.4,51.6,647.2,482.7,246.4
61.6,244,484.8,160.2,477.7,162.7,283.3,297,211
64.8,243.6,815.3,160,516.4,124.8,285,313.5,237.5
120.3,255.7,484.9,160,517.1,147.9,281.4,308.8,205.7
61.7,161.2,485.8,161.3,477.8,46.9,627.8,468,178.5
62.1,180.8,485.5,162.7,477.7,47.5,613.8,485.7,179.9
61.2,207.8,486.9,268.9,498.5,198.9,585.6,458.2,238.5
62.9,250.2,765.7,160.4,509.8,259.9,279.2,303.1,254.6
108.8,248.1,485.8,160.2,511.1,227.6,279.1,302.8,251.7
61.5,255.2,798.7,160.1,514.4,269.6,279.5,299.9,230.5
103.3,255,486.5,163.1,498.2,143.5,279.4,306.3,190.5
83.7,235.6,492.3,160.1,510.9,187.1,279.4,299.5,250.5
61.5,162,484.9,160.1,477.6,47.5,565,417.6,178.5
63.4,257.1,793.4,160.3,507.1,143,280.3,297.9,243.8
123.2,251.1,484.7,160.5,513.8,235.4,279.5,296.4,213.4
63,189.9,486.6,160.8,477.7,47,413.7,475.8,178.9
61.5,249.3,485.8,160.3,506.6,48.4,416.4,485.3,246.4
100.5,257.6,486.5,160.2,509.6,256.8,280.1,302.3,226.9
62,241.9,757.8,160.4,504.1,271.5,280,297.1,237.5
63.4,241.1,492.3,280.7,517.2,239.4,486.6,464,215.9
111.6,230.2,485.6,160.7,488.8,109.1,279.6,318.2,240.1
63.5,260.3,484.9,160.4,477.7,265.4,280.6,309.6,255.9
122.8,251.2,488,160.5,501.2,240.7,281.5,305.2,229.7
62.1,243.9,485.4,160,478,167.1,281.5,303.7,222.2
61.8,244.7,798.9,160.8,504.5,84,279.2,307,235.5
63,239.9,486.2,262.8,496.9,157.2,547.3,450.5,232.2
93,223.8,484.8,160.2,514.7,201,279.2,298.9,243.8
61.5,238.1,484.9,160.4,477.7,193.9,284,317.3,239.7
93.1,225.9,485.1,160.1,506.9,146.3,279.6,305.2,242
63.9,164.2,488.7,160.1,477.8,47,525.3,462.4,179.3
61.8,202.3,485,160,502.7,47.6,639.1,383,242.5
62.4,258.2,825.9,160,496.1,195.8,280.4,314.4,232.5
65.3,253.9,485.5,160.2,477.7,186.1,279.6,304.3,251.8
62.2,256.1,872.4,160.1,511.5,267.8,280.5,297.9,239.6
122.8,249.6,486,160,505.1,196.2,281.4,307.2,235.2
64.9,242,795.1,161,516,201.1,279.2,300.3,202.3
117.2,228.6,485.3,160.7,497.6,243.9,281.1,303.5,221.5
62.4,166.2,487.5,160.5,477.7,47,370.5,437.7,178.7
106.3,235.4,485.1,162.8,498.2,215.5,285.2,296.8,248
63.1,159.1,487.1,160,477.6,50.9,547,478.4,178.6
62.1,250.2,750.8,160.9,496.1,185.2,282.9,307.7,204.6
63,255.6,487.1,160.2,477.8,226.3,279.4,301.9,211.7
109.2,243.2,485.7,160.3,516.8,148.4,282.5,306.4,255
65.7,260.7,485.1,160.1,477.7,199.2,279.6,298.8,245.9
62,252.8,484.9,160.2,477.7,264.8,279.1,299.9,217.2
61.8,255.5,487.8,160.8,501.2,52.2,519.2,473.3,252.2
64.3,159.7,485.2,161.6,477.8,50.6,494.1,470.3,178.5
114.8,239.4,500.6,160.7,504.1,138.8,279.4,303.3,209.8
61.2,259.3,487.9,160,477.9,138.8,280,308.6,254.2
61.7,218,486.4,160.2,477.9,210.7,279.7,305,256.2
64.4,252.8,867.9,159.9,502.2,183.5,279.4,297.3,248.3
61.8,159.8,490.7,160.3,477.7,47,492.8,477.1,179.3
61.6,246,485,295.2,514.9,246.3,529.9,471.3,229.7
61.3,163.5,487.5,160.6,477.9,47.2,580.5,438.9,179
64.3,254.1,484.8,160.8,506.8,47.1,576.8,413.5,240.8
61.3,256.9,485.3,160,477.9,231.4,280.4,296.6,244.5
63.1,236.4,485,160.3,478,159.9,280.8,300.8,222.8
62.3,259.2,484.8,160.3,477.7,252.5,282.2,297.6,230.2
120.2,250.7,484.8,164.4,509.4,143.2,279.8,301.4,248.6
61.6,257.8,485.1,160.6,477.6,271,279.2,302.1,253.4
62.4,244.8,484.8,160.4,477.7,249,281.8,315.5,252.7
62.1,238.9,487.7,160.8,514.3,47.4,623.8,465.1,233.8
61.3,257.8,485.6,271.1,491,263.4,672.8,457.2,248
113.2,244.4,485.8,160.5,508.8,263.1,279.4,322,207.7
107.7,253.8,485.2,160,503,220.1,279.1,298.7,234.6
61.3,159.9,484.9,160.2,477.9,60.8,666.2,453.3,178.5
62.1,171,485.5,161.7,477.6,47.6,581.3,465.5,178.6
61.4,163.8,487.9,163.8,477.7,59.5,604.6,465.9,178.6
63.8,159.6,485.2,160,477.9,47.1,675.4,464.7,179.4
61.4,260.4,486.5,160.7,477.8,271,279.1,308.5,248.6
61.5,259.2,486.6,161.1,478,170.2,281.9,304.2,224.9
119.5,229.3,484.7,161.3,509,254.1,279.7,297.8,247.1
62.1,238,738.6,160.1,515.3,208.4,279.5,314.4,228.9
61.2,163.1,484.8,161.2,478.4,46.9,661.7,475.7,178.8
61.7,160.1,485.3,166.7,477.7,47.2,424.7,465.7,179.1
62.7,250,487.2,161.3,478,223.3,279.4,300.3,226.8
61.5,247.9,485.9,160.8,477.6,266.9,283.6,300.8,221.6
61.3,257.6,876.5,161,512.7,186.8,279.1,314.4,248.6
67.7,172.4,484.9,160,477.6,48.3,469.9,425.1,179
120,254,484.9,159.9,507.8,218.7,282.5,300.8,232.4
62.1,160.4,485.5,161.3,477.9,47.3,669,462.4,178.5
99,250.9,485.2,160.2,508.1,138.6,279.3,298.3,250.1
62.4,251.3,816.9,160,510.5,227.9,280.8,311.2,194.9
112.5,257.3,485.1,160.8,496.6,237.2,281.5,315.3,252.9
62.6,249.6,485.4,160,510.4,47.6,587.2,479.1,227.9
64.7,159.5,490.4,160.3,478.2,51.3,544.1,461.3,179.1
62.1,216.7,486.5,160.1,477.9,229.5,279.5,300.4,230.9
62,166.1,486.6,160.6,477.6,47,385.5,434,178.7
103.7,245.2,485.4,160.1,516.3,228.4,280.1,298.8,211.3
66.8,161,484.9,160.8,477.7,48.2,659.3,436.8,178.8
120.5,245.6,486.4,160.5,514.1,255.8,279.6,298.7,224.3
62.2,231.4,485.5,160,510.8,47,669.5,442.4,256.1
61.2,260.1,852.7,160,502.9,267.7,287,297.9,207.3
61.6,255.6,485.7,160.6,477.8,209,293.2,299.2,232.6
62.9,259.1,486.6,172,493.4,47.3,645.4,464.7,239.2
66,243.5,797.8,162,514.9,207.3,279,298.6,246.1
63.9,236.9,489.4,160.2,490,47.5,602.1,457.5,252.6
61.4,161.2,486.3,160.3,477.7,48.7,521.1,462.5,178.9
62.2,242.4,879.5,160.9,500.7,233.7,279.2,301.1,227.7
65.5,238.9,485.1,161.6,478.2,231.3,279.4,303.3,244
62,251.3,485.1,160,510.7,47.6,618,416.9,250.1
62.7,160,485.3,160.6,478.1,47.5,491.2,473.6,178.5
62,234,488.4,161.3,515.6,49.1,572.3,410.9,205.6
107.2,254.6,491.6,161.8,513.4,215.3,280.6,307.6,256.1
61.2,174.1,485.1,160,477.9,48.2,497.7,460.8,179.3
61.8,251.1,489,161.3,478.6,246,279.3,304,198.7
63.4,244.4,485.2,254,507,184.5,569.8,480.2,253.6
61.5,256.9,486.4,160,499.1,48.6,636.3,467.1,218.5
122,254.3,485,160,490.6,256.6,279.4,300.3,253.5
61.6,225.7,486.8,160.1,516.9,47.1,526.9,476.6,226.4
63.9,254.9,490,237.3,505.5,110.5,657.6,444.9,242.8
61.2,159.5,486.4,160,477.8,47.8,549.2,481.2,180.5
61.5,161,485.4,160.8,477.7,47.1,527.4,434.7,178.5
62,219.6,488,161.2,515.2,46.9,633.4,483.1,250.1
68.6,257.9,639,160.6,516.2,237.1,282.1,300.6,243.9
63.7,250.5,491.9,160.6,494.5,47.8,600.2,449.1,237.3
64.1,170.5,485.2,160.7,477.6,48.3,612,472.1,179.4
63,259.2,485.8,160.8,499.7,47.2,514.9,432.5,214.5
62.8,163.9,486,160.1,478.3,47.2,491,420.4,178.6
65.5,229.5,689.2,161.1,508.4,266.6,279.2,296.5,224.1
61.4,163.4,485.2,160.4,477.8,47.8,487.5,484.4,178.5
61.3,225.4,486.5,160.2,501.4,47.1,611.8,434.3,224.2
61.8,255.5,485.2,160,517.4,49.9,557.1,477.1,246.8
62.5,251.2,486.5,163.6,477.9,269.1,279.9,308.7,253.1
62.3,250.8,830.7,160.7,509,221.9,279.3,298.4,252.8
104.8,247.4,486.1,160,515.1,271.3,279.5,300.6,246.2
118.3,222.2,485.1,162.2,514.3,157.8,280.8,299.9,242.9
63.6,258.7,484.9,160.4,506.2,47.4,464.4,447.9,253.9
64.5,245.4,488.7,160,511,48.2,598.9,458,245.6
62.5,158.9,487.9,160.5,477.8,47.2,677.5,487.6,179
121.5,249.1,485.4,160.9,505.6,198,281.6,298.3,213.9
113.5,222.4,485.3,161.2,496.5,241.8,280.8,302,217.7
62.2,246.9,485.2,162.2,517,53.9,423.4,477,220.4
119.6,255.9,485.8,160.3,517.2,187.9,281.7,297.6,217.7
62.4,260.3,485.7,273.2,513.6,182.8,632.4,474.4,222.8
66.1,255.3,485.2,160.1,478.2,228.1,281.7,297.1,255.7
64.5,255.8,680.5,162.6,513,249,280.2,309.6,239.9
61.7,241.7,485,160.2,477.7,101.8,279.6,297.9,214.5
62.1,261,488.6,160,511.8,47.2,524.1,467.3,246.3
61.8,250.7,484.8,161,477.8,221.6,279.3,300.3,246.9
61.9,162.1,488.8,161.4,478.1,47.3,676.1,478.1,178.4
63.3,256.6,826.6,161.4,485.9,270.1,281.2,305.1,254.3
61.6,261,872.2,160.1,500.4,161.3,279.1,304.2,242.2
62.8,247.3,747,162.2,516.4,189.6,279.7,303,254.2
61.3,163.6,486.4,160,477.9,47.9,674,470.9,179
61.9,221.9,486.5,279.8,494.7,270.8,634.9,464.1,230.4
62.3,244.3,484.9,274,494.5,190,554.8,472.3,233.6
64.1,218.2,486.8,160.7,478.2,186.7,279.2,297.7,223.1
103.2,246.2,486.8,163.2,513.9,209.7,279.7,299.8,235.5
61.6,261,484.9,160.1,502.7,48.8,558.8,483.8,241.1
62.1,161,487.6,160.9,477.7,49.3,583.7,470,178.4
61.9,254.8,485.4,261.4,517.4,222.8,567.6,453.9,234.8
61.3,246.7,485.2,160.1,501.8,47.2,517.6,460.6,231.2
64.7,230.8,788.2,160.2,509,221.9,280.5,299.3,230.9
120.8,256.8,501,160.1,506.9,266.5,286,300,199.4
64.2,260.3,855,160.4,499,142.6,279.1,322.4,228.9
61.5,249.6,834.4,160.5,484.9,196.9,283.6,305.1,222.3
63.9,187.1,485.5,160.1,478,49.7,655.1,474.9,179.1
62.7,259.9,485.1,162.1,497.1,47.4,666.2,455.7,244.5
123.2,242.6,484.8,160.8,511.5,193.7,279.6,312.8,221.3
62,243.1,485.9,160.6,477.7,238.2,279.5,297.3,245.4
112,235,486,160,494,185,280.7,304.8,231.1
61.9,244,753.9,160.4,485.4,230,279.3,302.8,244.9
61.8,246.3,769.8,160.1,502.5,220.9,279.7,299.9,247.9
65.4,162.7,486.2,160.5,477.9,47,478,461.1,178.5
63.5,250.5,833,160.5,506.6,117.7,280,303.6,244.3
63.1,243.8,496.8,232,505.4,260.5,655.8,481.5,233.5
118,247.4,485.9,160.2,494.6,218.8,279.7,296.8,241.4
62.1,246.8,485.6,160.3,478,269.4,279.2,297.5,227.6
64.1,224,498.7,160.3,478.2,238.7,279.6,296.4,225
64.3,239.7,486.5,160.8,477.7,271.8,279.4,299.3,243.5
63.3,232.5,484.9,161.8,492.1,50.6,585.7,458,251.9
62.4,240.5,485.6,256.8,509.6,168,645.1,478.6,244.1
61.2,159.6,485.8,160.5,477.7,47.5,589.8,363.3,178.7
65.2,247.5,486.3,160.6,478.3,252.4,279.3,296.4,227.4
110.8,251.1,485.6,160.2,513,217.9,281,305.3,241.4
62.4,166.4,485.5,160,477.7,47.1,398.1,458.6,178.7
62.1,240,484.8,160.5,504.1,47.4,401.5,453.5,207
62.1,253.7,746.7,164.9,503,244.3,279.6,310.3,253.8
61.3,257.7,485.4,160,512,49,585,431.4,244.5
63,159,485.2,162.2,477.7,47.1,424.9,410.8,180.9
116.2,252.7,485.5,160.2,517.1,181.2,279.1,296.9,193.2
62.9,240.1,486.3,160.3,477.9,226,279.8,315.6,245.3
63.6,251.2,487.2,266.6,511.8,233.7,361.5,480.6,249.5
63.7,227.2,721.9,159.9,489.3,210.5,281.1,298.1,223.5
63.3,253.6,807.3,160.1,513.9,224.7,285.8,301.2,244.1
64.4,161.1,485.7,160.1,478,54.1,673.4,487.1,179
61.7,255.9,485.4,160.7,478.6,218.4,280.1,297,246.6
